ad_id,xyz_campaign_id,fb_campaign_id,age,gender,interest,Impressions,Clicks,Spent,Total_Conversion,Approved_Conversion,CTR (%),CPC (USD),CPM (USD),Conversion Rate (%),CPA (USD)
708746,916,103916,30-34,M,15,7350,1,1.429999948,2,1,0.01360544217687075,1.429999948,0.1945578160544218,200.0,1.429999948
708749,916,103917,30-34,Unknown,16,17861,2,1.820000023,2,0,0.01119758132243435,0.9100000115,0.1018979913218745,100.0,
708771,916,103920,30-34,M,20,693,0,0.0,1,0,0.0,,0.0,,
708815,916,103928,30-34,M,28,4259,1,1.25,1,0,0.0234796900680911,1.25,0.2934961258511388,100.0,
708818,916,103928,30-34,M,28,4133,1,1.289999962,1,1,0.02419549963706751,1.289999962,0.3121219361238809,100.0,1.289999962
708820,916,103929,30-34,M,29,1915,0,0.0,1,1,0.0,,0.0,,0.0
708958,916,103952,30-34,M,28,9502,3,3.159999967,1,0,0.03157230056830141,1.053333322333333,0.3325615625131551,33.33333333333333,
708979,916,103955,30-34,Unknown,31,1224,0,0.0,1,0,0.0,,0.0,,
709023,916,103962,30-34,M,7,735,0,0.0,1,0,0.0,,0.0,,
709038,916,103965,30-34,M,16,5117,0,0.0,1,0,0.0,,0.0,,
709040,916,103965,30-34,M,16,5120,0,0.0,1,0,0.0,,0.0,,
709059,916,103968,30-34,Unknown,20,14669,7,10.28000021,1,1,0.0477196809598473,1.468571458571429,0.7007976146976618,14.28571428571428,10.28000021
709105,916,103976,30-34,M,28,1241,0,0.0,1,1,0.0,,0.0,,0.0
709115,916,103978,30-34,M,30,2305,1,0.569999993,1,0,0.04338394793926247,0.569999993,0.2472885002169198,100.0,
709179,916,103988,35-39,M,15,4627,1,1.690000057,1,0,0.02161227577263886,1.690000057,0.3652474728765939,100.0,
709320,916,104012,35-39,M,15,1422,0,0.0,1,1,0.0,,0.0,,0.0
709323,916,104012,35-39,M,15,7132,2,2.609999895,1,0,0.02804262478968031,1.3049999475,0.3659562387829501,50.0,
709327,916,104013,Unknown,M,16,12193,2,3.059999943,1,1,0.01640285409661281,1.5299999715,0.2509636630033625,50.0,3.059999943
709328,916,104013,35-39,M,16,3332,0,0.0,1,1,0.0,,0.0,,0.0
709455,916,104034,Unknown,M,7,559,0,0.0,1,0,0.0,,0.0,,
709544,916,104049,35-39,M,29,7440,2,2.980000019,1,1,0.02688172043010753,1.4900000095,0.4005376369623656,50.0,2.980000019
709614,916,104061,40-44,M,16,19113,4,5.5200001,1,0,0.02092816407680636,1.380000025,0.2888086694919688,25.0,
709756,916,104085,40-44,M,16,10976,2,1.464999974,1,1,0.01822157434402332,0.732499987,0.1334730297011662,50.0,1.464999974
709761,916,104085,40-44,M,16,2861,0,0.0,1,0,0.0,,0.0,,
709901,916,104109,40-44,M,16,23817,7,8.470000148,1,1,0.02939077129781249,1.210000021142857,0.3556283389175799,14.28571428571428,8.470000148
710088,916,104140,Unknown,M,24,2283,1,1.464999974,1,0,0.04380201489268506,1.464999974,0.6416995067893122,100.0,
710360,916,104185,45-49,M,21,2182,1,1.529999971,1,1,0.0458295142071494,1.529999971,0.7011915540788267,100.0,1.529999971
710477,916,104205,Unknown,F,16,2654,0,0.0,1,1,0.0,,0.0,,0.0
710480,916,104205,30-34,F,16,57665,14,18.06999969,1,1,0.02427815832827538,1.290714263571429,0.3133616524755051,7.142857142857142,18.06999969
710682,916,104239,30-34,F,27,1186,0,0.0,1,0,0.0,,0.0,,
710763,916,104252,30-34,Unknown,15,5369,1,1.50999999,1,0,0.01862544235425591,1.50999999,0.2812441776867201,100.0,
710836,916,104265,30-34,F,29,22221,7,9.430000067,1,1,0.03150173259529274,1.347142866714286,0.4243733435488952,14.28571428571428,9.430000067
710867,916,104270,30-34,F,63,1185,0,0.0,1,0,0.0,,0.0,,
710880,916,104272,30-34,Unknown,65,13019,5,6.960000038,1,0,0.03840540748137337,1.3920000076,0.5346032750595284,20.0,
710961,916,104285,35-39,F,25,2508,1,1.220000029,1,0,0.03987240829346093,1.220000029,0.4864433927432217,100.0,
710968,916,104287,35-39,F,27,5864,2,2.799999952,1,1,0.03410641200545703,1.399999976,0.4774897598908595,50.0,2.799999952
711217,916,104328,35-39,F,20,2783,1,1.600000024,1,0,0.03593244699964068,1.600000024,0.574919160618038,100.0,
711764,916,104419,45-49,F,10,11199,4,5.730000019,1,1,0.03571747477453344,1.43250000475,0.5116528278417716,25.0,5.730000019
711785,916,104423,45-49,F,19,292,0,0.0,1,0,0.0,,0.0,,
711877,916,104438,45-49,F,63,17572,7,9.379999995,1,0,0.03983610289096289,1.339999999285714,0.5338037784543592,14.28571428571428,
734209,936,108654,30-34,M,10,1772,0,0.0,1,1,0.0,,0.0,,0.0
734210,936,108654,30-34,M,10,13329,4,5.629999995,1,1,0.03000975316978018,1.40749999875,0.4223872754895341,25.0,5.629999995
734215,936,108655,30-34,M,15,13659,3,1.389999986,1,0,0.02196354052273226,0.4633333286666667,0.1017644033970276,33.33333333333333,
734243,936,108660,30-34,M,21,739,0,0.0,1,1,0.0,,0.0,,0.0
734272,936,108665,30-34,M,26,1030,0,0.0,1,0,0.0,,0.0,,
734290,936,108668,30-34,M,29,5374,1,1.039999962,4,0,0.01860811313732788,1.039999962,0.1935243695571269,400.0,
734313,936,108672,30-34,M,36,790,0,0.0,1,1,0.0,,0.0,,0.0
734314,936,108672,30-34,M,36,962,0,0.0,1,0,0.0,,0.0,,
734352,936,108678,35-39,M,10,4423,1,1.460000038,1,1,0.0226090888537192,1.460000038,0.3300927058557541,100.0,1.460000038
734361,936,108680,35-39,M,16,12382,2,2.839999914,1,1,0.01615247940558876,1.419999957,0.2293652006137942,50.0,2.839999914
734381,936,108683,35-39,M,20,2938,1,1.350000024,1,1,0.03403675970047651,1.350000024,0.4594962641252553,100.0,1.350000024
734399,936,108686,35-39,M,23,239,0,0.0,1,0,0.0,,0.0,,
734418,936,108689,35-39,M,26,591,0,0.0,1,0,0.0,,0.0,,
734421,936,108690,35-39,M,27,10332,4,5.75,1,0,0.03871467286101432,1.4375,0.556523422377081,25.0,
734433,936,108692,35-39,M,29,12158,3,4.449999928,1,0,0.02467511103799967,1.483333309333333,0.3660141411416352,33.33333333333333,
734582,936,108716,40-44,M,29,7709,2,1.320000052,2,0,0.02594370216629913,0.660000026,0.1712284410429368,100.0,
734605,936,108720,40-44,M,36,834,0,0.0,1,0,0.0,,0.0,,
734660,936,108729,45-49,M,18,1299,0,0.0,2,0,0.0,,0.0,,
734666,936,108730,Unknown,M,19,371,0,0.0,1,0,0.0,,0.0,,
734726,936,108740,45-49,M,29,10466,3,1.389999986,1,0,0.02866424613032677,0.4633333286666667,0.1328110057328492,33.33333333333333,
734737,936,108742,45-49,M,31,839,0,0.0,1,0,0.0,,0.0,,
734785,936,108750,30-34,Unknown,10,5576,1,1.529999971,1,1,0.01793400286944046,1.529999971,0.2743902387015782,100.0,1.529999971
734794,936,108752,30-34,Unknown,16,4010,0,0.0,1,0,0.0,,0.0,,
734796,936,108752,30-34,F,16,39337,7,10.03000009,1,1,0.01779495131809746,1.432857155714286,0.2549762333172331,14.28571428571428,10.03000009
734800,936,108753,30-34,F,18,1635,0,0.0,1,0,0.0,,0.0,,
734852,936,108761,30-34,F,26,13479,3,1.389999986,1,0,0.0222568439795237,0.4633333286666667,0.1031233760664738,33.33333333333333,
734854,936,108762,30-34,F,27,57022,13,20.29000032,3,3,0.02279821823155975,1.560769255384616,0.3558275809336747,23.07692307692308,6.76333344
734866,936,108764,30-34,F,29,11803,3,4.440000057,1,0,0.02541726679657714,1.480000019,0.3761755534186224,33.33333333333333,
734881,936,108766,30-34,F,31,4259,1,1.570000052,1,1,0.0234796900680911,1.570000052,0.3686311462784691,100.0,1.570000052
734925,936,108774,35-39,F,10,5024,1,1.409999967,1,1,0.01990445859872612,1.409999967,0.2806528596735669,100.0,1.409999967
734999,936,108786,35-39,F,27,20277,6,1.389999986,1,0,0.02959017606154756,0.2316666643333334,0.06855057385214776,16.66666666666666,
735032,936,108791,35-39,F,32,498,0,0.0,1,1,0.0,,0.0,,0.0
735033,936,108792,35-39,F,36,652,0,0.0,0,0,0.0,,0.0,,
735043,936,108793,35-39,F,63,1357,0,1.389999986,1,1,0.0,,1.024318338983051,,1.389999986
735048,936,108794,Unknown,F,64,1393,0,0.0,1,0,0.0,,0.0,,
735109,936,108804,40-44,F,21,708,0,1.389999986,1,1,0.0,,1.963276816384181,,1.389999986
735140,936,108809,40-44,F,26,6907,2,2.349999964,1,0,0.02895613146083683,1.174999982,0.3402345394527291,50.0,
735143,936,108810,40-44,F,27,39035,13,19.32999957,1,0,0.03330344562572051,1.486923043846154,0.495196607403612,7.692307692307693,
735151,936,108811,40-44,F,28,926,0,0.0,1,0,0.0,,0.0,,
735184,936,108817,40-44,F,63,4412,1,1.450000048,1,0,0.02266545784224841,1.450000048,0.3286491495920217,100.0,
735189,936,108818,40-44,F,64,9965,3,4.050000072,1,0,0.03010536879076768,1.350000024,0.4064224859006522,33.33333333333333,
735213,936,108822,45-49,F,10,73634,23,32.97999978,1,0,0.03123557052448597,1.433913033913043,0.4478909169677052,4.347826086956522,
735220,936,108823,45-49,F,15,69708,20,31.28999949,1,0,0.02869111149365926,1.5644999745,0.4488724320020657,5.0,
735242,936,108826,45-49,F,19,530,0,0.0,1,0,0.0,,0.0,,
735247,936,108827,45-49,F,20,14257,6,8.789999962,1,0,0.04208459002595216,1.464999993666667,0.6165392412148417,16.66666666666666,
735289,936,108834,45-49,F,27,20362,5,1.389999986,1,1,0.02455554464198016,0.2779999972,0.06826441341714959,20.0,1.389999986
735290,936,108834,45-49,Unknown,27,12215,4,6.26000011,1,0,0.03274662300450266,1.5650000275,0.512484659025788,25.0,
735298,936,108836,45-49,F,29,85412,28,38.63999999,2,1,0.03278227883669742,1.379999999642857,0.4523954478293448,7.142857142857142,38.63999999
736869,936,109448,30-34,M,2,2338,1,0.239999995,1,0,0.0427715996578272,0.239999995,0.1026518370402053,100.0,
736890,936,109451,30-34,M,15,2522,0,0.0,1,0,0.0,,0.0,,
736893,936,109452,30-34,M,16,3587,0,0.0,1,0,0.0,,0.0,,
736977,936,109470,30-34,M,27,1273,0,1.389999986,1,0,0.0,,1.091908865671642,,
736988,936,109472,30-34,M,28,3891,1,1.090000033,1,0,0.02570033410434336,1.090000033,0.2801336502184528,100.0,
736995,936,109473,30-34,Unknown,29,1888,0,0.0,1,0,0.0,,0.0,,
736997,936,109473,30-34,M,29,1895,0,1.389999986,1,0,0.0,,0.7335092274406333,,
737097,936,109498,35-39,M,7,715,0,0.0,1,0,0.0,,0.0,,
737130,936,109507,35-39,M,16,11199,2,2.680000067,1,0,0.01785873738726672,1.3400000335,0.2393070869720511,50.0,
737375,936,109565,40-44,M,10,1415,0,0.0,1,0,0.0,,0.0,,
737524,936,109601,40-44,Unknown,30,2148,1,1.580000043,1,1,0.04655493482309125,1.580000043,0.7355679902234636,100.0,1.580000043
737657,936,109633,45-49,M,18,7478,2,1.389999986,1,1,0.02674511901577962,0.694999993,0.18587857528751,50.0,1.389999986
737658,936,109633,45-49,M,18,4919,1,1.590000033,1,0,0.02032933523073795,1.590000033,0.3232364368774141,100.0,
737674,936,109637,45-49,M,20,533,0,1.389999986,1,1,0.0,,2.607879898686679,,1.389999986
737896,936,109689,30-34,Unknown,16,17553,3,4.590000153,1,0,0.01709109553922407,1.530000051,0.2614937704665869,33.33333333333333,
737931,936,109698,30-34,F,20,3343,1,0.540000021,1,0,0.02991325157044571,0.540000021,0.1615315647621896,100.0,
737961,936,109706,30-34,F,23,523,0,1.389999986,1,0,0.0,,2.657743759082218,,
737995,936,109714,30-34,F,26,1873,0,0.0,1,0,0.0,,0.0,,
738006,936,109717,30-34,F,27,34740,7,13.41000009,1,1,0.02014968336211859,1.915714298571429,0.3860103652849741,14.28571428571428,13.41000009
738067,936,109731,30-34,F,32,658,0,0.0,1,0,0.0,,0.0,,
738098,936,109738,Unknown,F,64,1539,0,0.0,1,0,0.0,,0.0,,
738307,936,109788,35-39,F,31,3010,1,0.860000014,1,1,0.03322259136212625,0.860000014,0.2857142903654485,100.0,0.860000014
738389,936,109808,40-44,F,10,27081,9,10.77000046,1,1,0.03323363243602526,1.196666717777778,0.3976958184705144,11.11111111111111,10.77000046
738413,936,109813,Unknown,F,16,147159,36,1.389999986,3,1,0.02446333557580576,0.03861111072222222,0.009445565585523142,8.333333333333332,1.389999986
738423,936,109816,40-44,F,18,21664,7,1.389999986,1,1,0.03231166912850812,0.1985714265714286,0.06416174233751847,14.28571428571428,1.389999986
738436,936,109820,40-44,F,19,9112,4,5.460000038,1,1,0.04389815627743635,1.3650000095,0.599209837357331,25.0,5.460000038
738528,936,109839,40-44,F,30,402,0,0.0,1,1,0.0,,0.0,,0.0
738560,936,109844,40-44,F,64,1338,0,0.0,1,0,0.0,,0.0,,
738582,936,109848,45-49,F,10,46150,15,20.17999983,1,1,0.03250270855904659,1.345333322,0.4372697687973998,6.666666666666667,20.17999983
738592,936,109850,45-49,F,16,493821,116,176.3799977,4,1,0.02349029304140569,1.520517221551724,0.3571739510875398,3.448275862068965,176.3799977
738598,936,109851,45-49,F,18,12956,4,5.49000001,1,1,0.03087372645878357,1.3725000025,0.4237418964186477,25.0,5.49000001
738606,936,109852,45-49,F,19,529,0,0.0,1,0,0.0,,0.0,,
738637,936,109857,45-49,F,24,944,1,1.419999957,1,0,0.1059322033898305,1.419999957,1.504237242584746,100.0,
738648,936,109859,45-49,F,26,111090,38,51.97000027,5,1,0.03420649923485462,1.367631586052632,0.4678188880187236,13.1578947368421,51.97000027
747212,936,110836,30-34,M,10,7208,2,3.190000057,1,0,0.02774694783573807,1.5950000285,0.4425638258879024,50.0,
747213,936,110836,30-34,M,10,1746,0,0.0,1,0,0.0,,0.0,,
747220,936,110837,30-34,M,15,2474,0,0.0,2,2,0.0,,0.0,,0.0
747222,936,110838,30-34,Unknown,16,12489,2,1.960000038,1,0,0.01601409240131315,0.980000019,0.1569381085755465,50.0,
747223,936,110838,30-34,M,16,8032,1,0.600000024,2,0,0.01245019920318725,0.600000024,0.07470119820717132,200.0,
747248,936,110842,30-34,M,21,472,0,1.389999986,1,1,0.0,,2.944915224576271,,1.389999986
747332,936,110856,30-34,M,64,792,0,0.0,1,1,0.0,,0.0,,0.0
747362,936,110861,35-39,M,15,4607,1,1.149999976,1,1,0.02170609941393532,1.149999976,0.2496201380507923,100.0,1.149999976
747369,936,110862,35-39,M,16,13355,2,3.180000067,1,1,0.01497566454511419,1.5900000335,0.2381130712841632,50.0,3.180000067
747370,936,110862,Unknown,M,16,2936,0,0.0,1,0,0.0,,0.0,,
747439,936,110874,35-39,M,29,1662,0,0.0,1,1,0.0,,0.0,,0.0
747489,936,110882,40-44,M,2,4016,2,1.480000049,1,1,0.049800796812749,0.7400000245,0.3685259086155379,50.0,1.480000049
747514,936,110886,40-44,M,16,14843,3,2.939999938,1,1,0.02021154753082261,0.9799999793333334,0.1980731616250084,33.33333333333333,2.939999938
747645,936,110908,45-49,M,10,9674,3,4.600000024,1,1,0.03101095720487906,1.533333341333333,0.4755013462890221,33.33333333333333,4.600000024
747678,936,110914,45-49,M,21,370,0,1.389999986,1,1,0.0,,3.756756718918919,,1.389999986
747712,936,110919,45-49,M,26,450,0,0.0,1,1,0.0,,0.0,,0.0
747790,936,110932,30-34,F,10,2077,0,0.0,1,1,0.0,,0.0,,0.0
747791,936,110932,30-34,F,10,31393,8,10.96000051,1,1,0.02548338801643679,1.37000006375,0.3491224320708438,12.5,10.96000051
747798,936,110934,30-34,F,16,25884,5,7.350000143,1,0,0.01931695255756452,1.4700000286,0.2839592081208469,20.0,
747828,936,110939,30-34,F,22,28488,10,9.340000033,1,0,0.03510249929795001,0.9340000033000001,0.3278573446012357,10.0,
747852,936,110943,30-34,F,26,10126,3,4.619999886,1,0,0.02962670353545329,1.539999962,0.4562512231878332,33.33333333333333,
747859,936,110944,30-34,F,27,22572,5,8.5,1,0,0.02215133794081163,1.7,0.3765727449937977,20.0,
747863,936,110944,30-34,F,27,1955,0,0.0,1,1,0.0,,0.0,,0.0
747903,936,110951,30-34,F,63,1491,0,0.0,1,1,0.0,,0.0,,0.0
747968,936,110962,Unknown,Unknown,21,512,0,0.0,0,0,0.0,,0.0,,
747991,936,110966,35-39,F,25,4868,2,2.420000076,1,0,0.04108463434675431,1.210000038,0.4971240912078883,50.0,
748000,936,110967,35-39,F,26,6585,2,1.389999986,1,0,0.03037205770690964,0.694999993,0.211085798936978,50.0,
748007,936,110968,Unknown,F,27,10164,2,3.720000029,1,1,0.01967729240456513,1.8600000145,0.3659976415781188,50.0,3.720000029
748086,936,110982,40-44,F,16,34127,8,13.07000017,1,0,0.02344184956193043,1.63375002125,0.3829812221994315,12.5,
748089,936,110982,40-44,F,16,38759,9,10.84999967,1,0,0.02322041332335716,1.205555518888889,0.279934974328543,11.11111111111111,
748091,936,110982,40-44,F,16,41720,10,12.06000006,1,1,0.02396931927133269,1.206000006,0.2890699918504315,10.0,12.06000006
748230,936,111006,45-49,F,16,83929,21,27.72999954,4,1,0.02502114882817619,1.320476168571429,0.3303983073788559,19.04761904761905,27.72999954
748235,936,111006,45-49,F,16,102695,25,39.42999983,3,0,0.02434393105798725,1.5771999932,0.3839524789911875,12.0,
748294,936,111016,45-49,F,27,82827,24,47.93000031,3,0,0.02897605853163824,1.99708334625,0.5786760393349994,12.5,
748295,936,111016,45-49,F,27,9240,3,6.039999962,1,0,0.03246753246753246,2.013333320666666,0.6536796495670996,33.33333333333333,
748303,936,111018,45-49,F,29,7706,2,2.369999886,1,0,0.02595380223202699,1.184999943,0.3075525416558526,50.0,
748314,936,111020,45-49,F,31,7821,4,6.340000153,1,1,0.0511443549418233,1.58500003825,0.810638045390615,25.0,6.340000153
748341,936,111024,45-49,F,64,1363,0,0.0,1,1,0.0,,0.0,,0.0
776318,936,115484,45-49,F,15,3569,0,0.0,1,1,0.0,,0.0,,0.0
776322,936,115485,45-49,Unknown,16,119063,34,53.21999949,1,0,0.02855631052468021,1.565294102647059,0.4469902445764007,2.941176470588235,
776323,936,115485,45-49,F,16,99078,23,35.79999948,2,0,0.02321403338783585,1.556521716521739,0.3613314709622721,8.695652173913043,
776334,936,115487,45-49,Unknown,10,191223,48,1.389999986,1,0,0.02510158296857595,0.02895833304166667,0.007268999994770505,2.083333333333333,
776336,936,115487,45-49,F,10,22216,6,9.549999952,1,0,0.02700756211739287,1.591666658666667,0.4298703615412316,16.66666666666666,
776353,936,115490,40-44,F,63,27559,8,13.37,1,0,0.0290286294858304,1.67125,0.4851409702819405,12.5,
776373,936,115493,45-49,Unknown,25,10194,4,4.590000033,2,1,0.03923876790268786,1.14750000825,0.4502648649205415,50.0,4.590000033
776383,936,115495,45-49,F,23,1168,0,0.0,1,1,0.0,,0.0,,0.0
776405,936,115498,45-49,Unknown,21,40126,16,1.389999986,1,0,0.03987439565369087,0.086874999125,0.03464088087524299,6.25,
776416,936,115500,45-49,F,19,3659,1,0.49000001,1,1,0.02732987154960372,0.49000001,0.1339163733260454,100.0,0.49000001
776430,936,115503,30-34,M,10,3200,0,0.0,1,0,0.0,,0.0,,
776473,936,115510,Unknown,M,16,23086,2,3.310000062,1,1,0.008663259118080222,1.655000031,0.143376941089838,50.0,3.310000062
776475,936,115510,30-34,M,16,16425,1,1.549999952,1,0,0.0060882800608828,1.549999952,0.09436833802130898,100.0,
776476,936,115510,30-34,M,16,43756,5,5.439999938,0,0,0.01142700429655362,1.0879999876,0.1243258053295548,0.0,
776477,936,115510,30-34,M,16,9982,0,0.0,1,0,0.0,,0.0,,
776489,936,115512,45-49,F,26,175389,55,81.60999787,1,0,0.03135886515117824,1.483818143090909,0.4653085305805951,1.818181818181818,
776515,936,115517,45-49,F,65,12706,3,4.98999989,1,1,0.02361089249173619,1.663333296666667,0.392727836455218,33.33333333333333,4.98999989
776519,936,115517,45-49,F,65,70702,20,31.7099998,1,0,0.02828774292099234,1.58549999,0.4485021611835592,5.0,
776533,936,115520,45-49,F,63,63927,16,25.52000046,2,0,0.02502854818777668,1.59500002875,0.3992053507907456,12.5,
776538,936,115521,30-34,Unknown,15,8774,1,1.830000043,1,0,0.01139731023478459,1.830000043,0.2085707821974014,100.0,
776551,936,115523,30-34,F,16,14459,1,1.389999986,1,0,0.006916107614634484,1.389999986,0.09613389487516427,100.0,
776553,936,115523,30-34,F,16,66765,8,11.04999971,1,0,0.01198232606904815,1.38124996375,0.1655058744851344,12.5,
776563,936,115525,30-34,F,7,1369,0,0.0,1,1,0.0,,0.0,,0.0
776579,936,115527,30-34,F,10,26910,5,1.389999986,1,0,0.01858045336306206,0.2779999972,0.05165365982905983,20.0,
776603,936,115531,30-34,F,2,506,0,0.0,1,0,0.0,,0.0,,
776615,936,115533,45-49,M,63,11988,3,1.389999986,1,0,0.02502502502502502,0.4633333286666667,0.1159492814481148,33.33333333333333,
776631,936,115536,40-44,M,29,10960,2,2.890000105,1,0,0.01824817518248175,1.4450000525,0.2636861409671533,50.0,
776643,936,115538,30-34,M,15,33491,6,10.56999969,2,1,0.01791526081633872,1.761666615,0.3156071687916157,33.33333333333333,10.56999969
776644,936,115538,30-34,M,15,20083,2,3.200000048,2,1,0.009958671513220135,1.600000024,0.1593387466016034,100.0,3.200000048
776659,936,115541,30-34,M,16,8817,0,0.0,1,1,0.0,,0.0,,0.0
776661,936,115541,30-34,M,16,15466,1,1.389999986,1,0,0.006465795939480151,1.389999986,0.08987456265356265,100.0,
776663,936,115541,30-34,M,16,15753,1,0.569999993,1,1,0.006347997206881229,0.569999993,0.0361835836348632,100.0,0.569999993
776668,936,115542,40-44,Unknown,19,3523,1,1.809999943,1,1,0.02838489923360772,1.809999943,0.5137666599489071,100.0,1.809999943
776685,936,115545,40-44,M,16,7745,0,0.0,1,0,0.0,,0.0,,
776686,936,115545,40-44,M,16,18709,2,3.319999933,1,0,0.01069004222566679,1.6599999665,0.1774546973649046,50.0,
776696,936,115547,30-34,M,10,7966,1,1.179999948,1,1,0.01255335174491589,1.179999948,0.1481295440622646,100.0,1.179999948
776697,936,115547,30-34,M,10,4132,0,0.0,1,1,0.0,,0.0,,0.0
776698,936,115547,30-34,M,10,12785,3,4.730000019,2,1,0.0234649980445835,1.576666673,0.3699648039890497,66.66666666666666,4.730000019
776699,936,115547,30-34,M,10,8213,1,1.379999995,1,1,0.0121758188238159,1.379999995,0.1680262991598685,100.0,1.379999995
776722,936,115551,30-34,M,2,545,0,0.0,1,1,0.0,,0.0,,0.0
776725,936,115552,40-44,M,23,2479,1,1.25999999,1,0,0.04033884630899556,1.25999999,0.5082694594594596,100.0,
776780,936,115561,40-44,M,2,3812,2,3.049999952,1,0,0.05246589716684155,1.524999976,0.8001049192025182,50.0,
776793,936,115563,45-49,M,21,1609,0,0.0,1,0,0.0,,0.0,,
776799,936,115564,45-49,M,20,10257,3,3.579999924,1,1,0.02924831822170225,1.193333308,0.3490299233694062,33.33333333333333,3.579999924
776817,936,115567,40-44,M,10,12356,4,6.279999971,1,0,0.03237293622531564,1.56999999275,0.5082550963904175,25.0,
776825,936,115568,45-49,M,18,7410,1,1.210000038,1,0,0.01349527665317139,1.210000038,0.1632928526315789,100.0,
776829,936,115569,45-49,Unknown,16,140098,28,1.389999986,1,0,0.0199860097931448,0.04964285664285715,0.009921626190238264,3.571428571428571,
776831,936,115569,45-49,M,16,107021,20,34.44000012,1,0,0.01868792106222143,1.722000006,0.3218060018127283,5.0,
776840,936,115571,35-39,M,36,2797,1,1.289999962,1,0,0.03575259206292456,1.289999962,0.4612084240257419,100.0,
776892,936,115580,40-44,M,63,17488,5,7.719999909,1,0,0.02859103385178408,1.5439999818,0.441445557467978,20.0,
776928,936,115586,35-39,M,10,9750,2,1.5,1,1,0.02051282051282051,0.75,0.1538461538461539,50.0,1.5
776935,936,115587,45-49,M,36,1136,0,0.0,1,1,0.0,,0.0,,0.0
777105,936,115615,45-49,M,63,4333,1,0.180000007,1,1,0.02307869836141242,0.180000007,0.04154165866605123,100.0,0.180000007
777130,936,115619,35-39,M,16,6260,0,0.0,1,0,0.0,,0.0,,
777166,936,115625,30-34,M,63,2383,0,0.0,1,1,0.0,,0.0,,0.0
777187,936,115629,40-44,M,27,11292,3,1.389999986,1,1,0.02656748140276302,0.4633333286666667,0.1230959959263195,33.33333333333333,1.389999986
777198,936,115631,30-34,M,64,12729,4,5.779999852,1,0,0.0314243067012334,1.444999963,0.4540812202058292,25.0,
777200,936,115631,30-34,M,64,1898,0,0.0,1,1,0.0,,0.0,,0.0
777201,936,115631,30-34,M,64,1882,0,1.389999986,1,1,0.0,,0.7385759755579171,,1.389999986
777235,936,115637,30-34,M,65,2883,1,0.99000001,1,1,0.0346860908775581,0.99000001,0.3433923031564343,100.0,0.99000001
777248,936,115639,30-34,F,7,3989,1,1.389999986,1,0,0.0250689395838556,1.389999986,0.3484582567059413,100.0,
777261,936,115641,40-44,M,29,19603,4,5.279999971,1,1,0.02040504004489109,1.31999999275,0.269346527113197,25.0,5.279999971
777382,936,115675,40-44,M,24,3047,1,1.379999995,1,0,0.03281916639317361,1.379999995,0.4529044945848375,100.0,
777398,936,115677,35-39,M,24,3029,1,1.049999952,1,1,0.03301419610432486,1.049999952,0.3466490432485969,100.0,1.049999952
777410,936,115679,45-49,M,26,3490,1,1.340000033,1,1,0.02865329512893983,1.340000033,0.3839541641833811,100.0,1.340000033
777482,936,115691,45-49,M,28,2479,0,0.0,1,0,0.0,,0.0,,
777519,936,115697,Unknown,M,29,19537,5,1.389999986,1,0,0.0255924655781338,0.2779999972,0.07114705359062293,20.0,
777625,936,115715,45-49,Unknown,16,59433,12,19.65999949,3,0,0.02019080308919287,1.638333290833333,0.3307926486968519,25.0,
777627,936,115715,Unknown,M,16,157534,33,56.19000077,2,0,0.02094785887490954,1.702727296060606,0.356684911003339,6.060606060606061,
777670,936,115723,40-44,M,16,23769,4,6.029999852,1,0,0.01682864234927847,1.507499963,0.2536917771887753,25.0,
777673,936,115723,40-44,M,16,7101,0,1.389999986,1,0,0.0,,0.1957470759048022,,
777742,936,115735,Unknown,Unknown,64,4726,1,1.830000043,1,1,0.0211595429538722,1.830000043,0.3872196451544647,100.0,1.830000043
777816,936,115747,40-44,M,2,500,0,0.0,1,1,0.0,,0.0,,0.0
777871,936,115756,30-34,M,20,4616,1,1.360000014,1,0,0.02166377816291161,1.360000014,0.2946273860485268,100.0,
777904,936,115762,30-34,M,31,3279,0,0.0,1,0,0.0,,0.0,,
777905,936,115762,30-34,M,31,3288,0,0.0,1,0,0.0,,0.0,,
778037,936,115784,35-39,M,27,14615,4,6.050000191,1,0,0.02736914129319193,1.51250004775,0.4139582751282929,25.0,
778048,936,115786,30-34,M,27,56615,12,19.88000035,2,0,0.02119579616709353,1.656666695833333,0.3511436960169566,16.66666666666666,
778087,936,115792,30-34,M,26,15910,5,6.779999852,1,0,0.03142677561282212,1.3559999704,0.4261470680075424,20.0,
778112,936,115796,35-39,M,29,11446,2,3.090000033,1,1,0.01747335313646689,1.5450000165,0.2699633088415166,50.0,3.090000033
778124,936,115798,30-34,M,29,4871,0,0.0,1,0,0.0,,0.0,,
778148,936,115802,Unknown,M,28,3199,0,0.0,1,0,0.0,,0.0,,
778161,936,115804,30-34,M,28,17954,6,7.5400002,2,1,0.03341873677175003,1.2566667,0.4199621365712375,33.33333333333333,7.5400002
778208,936,115812,Unknown,F,29,2755,0,0.0,1,0,0.0,,0.0,,
778266,936,115822,40-44,F,27,74542,19,34.1500001,1,0,0.02548898607496445,1.797368426315789,0.4581309878994392,5.263157894736842,
778421,936,115848,40-44,F,20,6699,2,3.090000033,1,0,0.02985520226899537,1.5450000165,0.4612628799820869,50.0,
778471,936,115856,30-34,M,32,1273,0,0.0,1,1,0.0,,0.0,,0.0
778483,936,115858,40-44,Unknown,18,24188,5,8.179999828,1,0,0.02067140730940963,1.6359999656,0.3381842164709773,20.0,
778556,936,115870,40-44,M,32,9735,4,4.130000114,1,1,0.04108885464817669,1.0325000285,0.4242424359527479,25.0,4.130000114
778590,936,115876,30-34,M,30,1371,0,0.0,1,1,0.0,,0.0,,0.0
778628,936,115882,30-34,M,29,4608,0,0.0,1,0,0.0,,0.0,,
778674,936,115890,35-39,M,29,3732,0,0.0,1,0,0.0,,0.0,,
778689,936,115892,30-34,M,28,7453,1,1.679999948,1,1,0.01341741580571582,1.679999948,0.2254125785589696,100.0,1.679999948
778737,936,115900,35-39,M,27,8077,2,1.389999986,1,1,0.02476166893648632,0.694999993,0.1720935973752631,50.0,1.389999986
778756,936,115904,35-39,F,63,5602,1,1.580000043,1,0,0.01785076758300607,1.580000043,0.282042135487326,100.0,
778804,936,115912,Unknown,M,26,6184,2,2.75,1,1,0.03234152652005175,1.375,0.4446959896507116,50.0,2.75
778808,936,115912,30-34,M,26,1738,0,0.0,1,0,0.0,,0.0,,
778964,936,115938,35-39,Unknown,27,112460,25,41.29000068,1,0,0.0222301262671172,1.6516000272,0.367152771474302,4.0,
779057,936,115954,40-44,M,15,4414,0,0.0,1,0,0.0,,0.0,,
779106,936,115962,35-39,F,30,14670,7,9.410000324,1,0,0.04771642808452625,1.344285760571429,0.6414451481935924,14.28571428571428,
779438,936,116031,30-34,F,64,33144,9,13.40999985,1,0,0.02715423606082549,1.489999983333333,0.4045981127805938,11.11111111111111,
779453,936,116033,45-49,M,64,4397,1,0.949999988,1,0,0.02274277916761428,0.949999988,0.2160563993632022,100.0,
779488,936,116039,45-49,M,65,1006,0,0.0,1,0,0.0,,0.0,,
779573,936,116053,35-39,Unknown,10,89527,24,32.28999996,1,0,0.02680755526265819,1.345416665,0.3606733159828879,4.166666666666666,
779608,936,116059,35-39,F,15,2459,0,1.389999986,1,0,0.0,,0.565270429442863,,
779609,936,116059,35-39,F,15,7116,2,1.730000019,1,1,0.02810567734682406,0.8650000095,0.2431141117200674,50.0,1.730000019
779631,936,116063,35-39,Unknown,16,9730,1,1.379999995,1,0,0.01027749229188078,1.379999995,0.1418293931140802,100.0,
779645,936,116065,30-34,F,16,27289,3,4.429999828,1,0,0.01099344058045366,1.476666609333333,0.1623364662684598,33.33333333333333,
779715,936,116077,30-34,F,29,20409,4,3.829999924,1,0,0.01959919643294625,0.957499981,0.187662302121613,25.0,
779716,936,116077,30-34,F,29,8044,1,1.110000014,1,0,0.01243162605668821,1.110000014,0.1379910509696668,100.0,
779738,936,116081,30-34,F,28,15645,4,5.349999905,1,0,0.02556727388942154,1.33749997625,0.3419622821987855,25.0,
779778,936,116087,Unknown,F,31,2466,0,0.0,2,2,0.0,,0.0,,0.0
779824,936,116095,45-49,M,7,9375,3,4.019999981,1,0,0.032,1.339999993666667,0.4287999979733333,33.33333333333333,
779918,936,116111,30-34,F,18,8469,2,3.089999914,1,0,0.02361553902467824,1.544999957,0.364860067776597,50.0,
779922,936,116111,30-34,F,18,5823,1,1.419999957,1,1,0.01717327837884252,1.419999957,0.2438605455950541,100.0,1.419999957
779944,936,116115,Unknown,M,10,2549,0,0.0,1,0,0.0,,0.0,,
779979,936,116121,35-39,M,16,25817,4,6.019999981,1,0,0.01549366696362862,1.50499999525,0.2331796870666615,25.0,
780064,936,116135,30-34,F,22,2554,0,0.0,1,0,0.0,,0.0,,
780199,936,116163,35-39,F,23,1030,0,0.0,1,1,0.0,,0.0,,0.0
780318,936,116183,45-49,F,29,162341,56,77.07999969,3,0,0.03449529077682163,1.376428565892857,0.4748030361399769,5.357142857142857,
780486,936,116216,30-34,F,65,2879,0,0.0,1,1,0.0,,0.0,,0.0
780498,936,116218,30-34,F,64,13621,3,4.090000033,1,0,0.02202481462447691,1.363333344333333,0.3002716418030981,33.33333333333333,
780511,936,116220,30-34,F,63,6175,1,1.370000005,2,1,0.01619433198380567,1.370000005,0.2218623489878543,200.0,1.370000005
780629,936,116240,30-34,F,28,2963,0,0.0,1,0,0.0,,0.0,,
780653,936,116244,30-34,F,29,9076,1,1.379999995,1,1,0.01101806963420009,1.379999995,0.1520493604010577,100.0,1.379999995
780655,936,116244,30-34,F,29,20941,4,5.909999967,1,1,0.01910128456138675,1.47749999175,0.2822214778186333,25.0,5.909999967
780666,936,116246,45-49,F,10,3462,0,0.0,1,0,0.0,,0.0,,
780681,936,116248,30-34,F,26,4073,0,1.389999986,1,1,0.0,,0.3412717863982322,,1.389999986
780700,936,116252,30-34,F,27,3745,0,0.0,1,0,0.0,,0.0,,
780748,936,116265,30-34,F,24,830,0,0.0,1,0,0.0,,0.0,,
780759,936,116267,45-49,F,18,2912,0,0.0,1,0,0.0,,0.0,,
780760,936,116267,45-49,F,18,17167,5,6.910000086,1,0,0.02912564804566901,1.3820000172,0.4025164610007573,20.0,
780799,936,116273,30-34,F,22,44699,13,17.30000037,2,0,0.029083424685116,1.330769259230769,0.3870332752410569,15.38461538461539,
780821,936,116277,30-34,F,23,6469,2,1.309999943,1,0,0.03091667954861648,0.6549999715,0.2025042422321843,50.0,
780830,936,116279,45-49,F,16,16053,3,4.079999924,1,1,0.0186880956830499,1.359999974666667,0.254158096555161,33.33333333333333,4.079999924
780835,936,116279,45-49,F,16,54724,12,17.92999995,1,1,0.02192822162122652,1.4941666625,0.3276441771434837,8.333333333333332,17.92999995
780867,936,116285,30-34,Unknown,21,4706,1,1.389999986,1,0,0.02124946876328092,1.389999986,0.2953676128346792,100.0,
780974,936,116303,40-44,F,32,8316,3,4.569999933,1,1,0.03607503607503607,1.523333311,0.5495430414862915,33.33333333333333,4.569999933
781066,936,116323,40-44,F,22,5794,2,2.269999981,1,0,0.03451846738004832,1.1349999905,0.3917846014842941,50.0,
781159,936,116339,40-44,F,10,85285,26,36.13000035,1,0,0.03048601747083309,1.389615398076923,0.4236383930351176,3.846153846153846,
781162,936,116339,40-44,F,10,5839,1,1.370000005,1,0,0.01712622024319232,1.370000005,0.2346292181880459,100.0,
781175,936,116341,40-44,F,15,5859,1,1.539999962,1,0,0.01706775900324288,1.539999962,0.2628434821641918,100.0,
781187,936,116343,40-44,F,16,164118,41,59.06999993,1,0,0.02498202512826138,1.440731705609756,0.3599239567262579,2.439024390243902,
781195,936,116345,35-39,F,63,18234,6,1.389999986,1,0,0.03290556103981573,0.2316666643333334,0.07623121564111002,16.66666666666666,
781207,936,116347,35-39,Unknown,64,2755,0,0.0,1,0,0.0,,0.0,,
781303,936,116363,35-39,Unknown,27,73676,20,28.5,1,0,0.02714588196970519,1.425,0.3868288180682991,5.0,
781305,936,116363,35-39,F,27,18421,7,10.07999992,1,0,0.03800010857173878,1.439999988571429,0.5472015590901689,14.28571428571428,
781327,936,116367,35-39,F,29,164754,49,67.97999978,2,1,0.02974131128834505,1.387346934285714,0.4126151703752261,4.081632653061225,67.97999978
781354,936,116371,35-39,Unknown,10,6424,1,1.389999986,1,0,0.01556662515566625,1.389999986,0.2163760874844334,100.0,
781438,936,116385,30-34,M,63,2086,0,0.0,1,0,0.0,,0.0,,
781470,936,116391,35-39,M,16,6016,0,1.389999986,1,0,0.0,,0.231050529587766,,
781499,936,116395,35-39,M,15,6412,1,1.389999986,1,0,0.01559575795383656,1.389999986,0.216781033374922,100.0,
781508,936,116397,30-34,F,63,5040,1,1.440000057,1,0,0.01984126984126984,1.440000057,0.2857142970238095,100.0,
781556,936,116405,30-34,F,32,1772,0,0.0,1,0,0.0,,0.0,,
781559,936,116405,30-34,F,32,1783,0,0.0,1,0,0.0,,0.0,,
781690,936,116427,45-49,F,26,115896,38,49.44000006,1,0,0.03278801684268655,1.301052633157895,0.4265893564920273,2.631578947368421,
781811,936,116447,Unknown,F,16,10186,1,1.230000019,1,1,0.0098173964264677,1.230000019,0.120753977910858,100.0,1.230000019
781857,936,116455,30-34,Unknown,20,9134,3,4.180000067,2,0,0.03284431793299759,1.393333355666667,0.4576308372016641,66.66666666666666,
781858,936,116455,30-34,M,20,3385,1,1.440000057,1,1,0.02954209748892171,1.440000057,0.4254062206794683,100.0,1.440000057
781928,936,116467,30-34,M,18,2916,0,0.0,1,1,0.0,,0.0,,0.0
781929,936,116467,30-34,M,18,6142,1,1.330000043,1,0,0.0162813415825464,1.330000043,0.216541850048844,100.0,
781950,936,116471,Unknown,Unknown,20,1984,0,0.0,1,0,0.0,,0.0,,
781999,936,116479,30-34,M,24,9142,3,3.749999881,1,0,0.03281557646029316,1.249999960333333,0.4101946927368191,33.33333333333333,
782001,936,116479,30-34,M,24,5475,2,2.730000019,1,1,0.0365296803652968,1.3650000095,0.4986301404566211,50.0,2.730000019
782022,936,116483,30-34,F,18,8254,2,2.320000052,1,1,0.0242306760358614,1.160000026,0.281075848315968,50.0,2.320000052
782026,936,116483,30-34,F,18,5704,1,1.320000052,1,0,0.01753155680224404,1.320000052,0.2314165589060309,100.0,
782130,936,116501,30-34,F,16,7301,0,0.0,1,0,0.0,,0.0,,
782134,936,116501,30-34,F,16,37873,5,6.169999957,1,1,0.01320201726823859,1.2339999914,0.1629128919546907,20.0,6.169999957
782180,936,116509,30-34,M,29,3396,0,0.0,1,0,0.0,,0.0,,
782219,936,116515,30-34,M,26,977,0,0.0,1,0,0.0,,0.0,,
782228,936,116517,40-44,F,63,12318,5,6.340000153,1,1,0.04059100503328462,1.2680000306,0.5146939562428966,20.0,6.340000153
782275,936,116525,30-34,F,29,6475,1,1.350000024,1,0,0.01544401544401544,1.350000024,0.2084942122007722,100.0,
782337,936,116535,45-49,F,16,104578,29,1.389999986,1,1,0.02773049781024689,0.047931034,0.0132915143337987,3.448275862068965,1.389999986
782407,936,116547,45-49,Unknown,10,33664,11,12.51000035,1,0,0.03267585551330798,1.137272759090909,0.3716136035527567,9.090909090909092,
782443,936,116553,40-44,F,20,979,0,0.0,1,0,0.0,,0.0,,
782541,936,116569,40-44,Unknown,28,7337,3,4.079999924,1,0,0.04088864658579801,1.359999974666667,0.5560855832083959,33.33333333333333,
782587,936,116577,30-34,M,10,2499,0,0.0,1,0,0.0,,0.0,,
782658,936,116589,30-34,M,15,4827,0,0.0,1,0,0.0,,0.0,,
782694,936,116595,35-39,F,29,29035,7,8.910000086,2,2,0.02410883416566213,1.272857155142857,0.3068710206991562,28.57142857142857,4.455000043
782815,936,116615,40-44,F,10,11537,3,4.300000191,1,0,0.02600329375054174,1.433333397,0.3727138936465285,33.33333333333333,
782862,936,116623,Unknown,F,64,5912,1,1.559999943,1,1,0.01691474966170501,1.559999943,0.2638700850811908,100.0,1.559999943
950068,936,123438,30-34,M,10,4012,1,1.570000052,1,0,0.02492522432701894,1.570000052,0.391326034895314,100.0,
950079,936,123440,30-34,M,16,3142,0,0.0,2,2,0.0,,0.0,,0.0
950099,936,123443,30-34,M,18,1120,0,1.389999986,1,0,0.0,,1.241071416071429,,
950109,936,123445,30-34,M,20,343,0,0.0,1,1,0.0,,0.0,,0.0
950179,936,123457,30-34,M,16,3423,0,0.0,1,1,0.0,,0.0,,0.0
950183,936,123457,30-34,M,16,15720,1,1.379999995,1,0,0.006361323155216285,1.379999995,0.08778625922391857,100.0,
950224,936,123464,40-44,M,20,2367,2,2.839999914,1,1,0.08449514152936206,1.419999957,1.19983097338403,50.0,2.839999914
950452,936,123502,45-49,M,16,5537,1,1.519999981,1,0,0.01806032147372223,1.519999981,0.2745168829691169,100.0,
950463,936,123504,Unknown,M,15,818,0,1.389999986,1,0,0.0,,1.699266486552567,,
950495,936,123509,45-49,M,21,1909,1,0.980000019,1,0,0.05238344683080147,0.980000019,0.5133577888947093,100.0,
950531,936,123515,Unknown,Unknown,22,572,0,1.389999986,1,0,0.0,,2.430069905594406,,
950537,936,123516,40-44,M,36,1884,1,1.409999967,1,0,0.05307855626326964,1.409999967,0.7484076257961784,100.0,
950550,936,123519,30-34,M,30,219,0,0.0,1,0,0.0,,0.0,,
950577,936,123523,Unknown,Unknown,32,540,0,1.389999986,1,1,0.0,,2.574074048148148,,1.389999986
950595,936,123526,Unknown,Unknown,26,465,0,0.0,1,0,0.0,,0.0,,
950609,936,123528,Unknown,M,29,1761,0,0.0,1,1,0.0,,0.0,,0.0
950629,936,123532,Unknown,M,65,152,0,0.0,1,1,0.0,,0.0,,0.0
950631,936,123532,30-34,M,65,152,0,0.0,1,1,0.0,,0.0,,0.0
950745,936,123551,30-34,M,29,1514,0,0.0,2,2,0.0,,0.0,,0.0
950770,936,123555,30-34,M,28,7780,3,4.329999924,2,2,0.03856041131105398,1.443333308,0.5565552601542416,66.66666666666666,2.164999962
950772,936,123556,Unknown,M,28,460,0,0.0,1,0,0.0,,0.0,,
950773,936,123556,35-39,M,28,471,0,0.0,1,0,0.0,,0.0,,
950776,936,123556,35-39,M,28,2633,1,1.070000052,1,0,0.0379794910748196,1.070000052,0.406380574249905,100.0,
950808,936,123562,35-39,M,32,398,0,0.0,1,0,0.0,,0.0,,
950839,936,123567,30-34,M,24,246,0,0.0,2,2,0.0,,0.0,,0.0
950969,936,123588,45-49,M,36,255,0,0.0,1,0,0.0,,0.0,,
951021,936,123597,30-34,F,7,457,0,0.0,1,1,0.0,,0.0,,0.0
951035,936,123599,30-34,F,10,1539,0,0.0,1,1,0.0,,0.0,,0.0
951046,936,123601,30-34,F,16,20050,4,4.659999847,4,1,0.0199501246882793,1.16499996175,0.2324189449875312,100.0,4.659999847
951102,936,123611,45-49,M,16,2254,0,0.0,1,0,0.0,,0.0,,
951105,936,123611,45-49,Unknown,16,5894,1,1.539999962,1,1,0.0169664065151001,1.539999962,0.2612826538853071,100.0,1.539999962
951133,936,123616,35-39,M,16,9948,2,2.720000029,2,0,0.02010454362685967,1.3600000145,0.2734217962404503,100.0,
951202,936,123627,45-49,F,26,5307,3,4.289999962,2,1,0.05652911249293386,1.429999987333333,0.8083663014885999,66.66666666666666,4.289999962
951225,936,123631,Unknown,F,22,4621,2,3.25,1,1,0.04328067517853278,1.625,0.7033109716511577,50.0,3.25
951270,936,123639,Unknown,F,18,784,0,0.0,1,1,0.0,,0.0,,0.0
951282,936,123641,35-39,F,16,5775,1,1.389999986,1,1,0.01731601731601732,1.389999986,0.2406926382683983,100.0,1.389999986
951285,936,123641,Unknown,F,16,9297,2,2.619999886,2,1,0.02151231580079595,1.309999943,0.281811324728407,100.0,2.619999886
951294,936,123643,35-39,F,15,699,0,0.0,1,0,0.0,,0.0,,
951305,936,123644,35-39,F,10,1104,0,0.0,1,0,0.0,,0.0,,
951391,936,123659,Unknown,F,28,2879,1,1.389999986,2,2,0.03473428273706148,1.389999986,0.482806525182355,200.0,0.694999993
951392,936,123659,30-34,F,28,2749,1,1.389999986,1,0,0.0363768643142961,1.389999986,0.5056384088759549,100.0,
951402,936,123661,30-34,F,29,1118,0,0.0,1,1,0.0,,0.0,,0.0
951420,936,123664,30-34,F,27,843,0,0.0,1,0,0.0,,0.0,,
951444,936,123668,30-34,F,25,2983,1,0.970000029,1,0,0.03352329869259135,0.970000029,0.3251760070398927,100.0,
951448,936,123668,30-34,F,25,696,0,0.0,1,0,0.0,,0.0,,
951462,936,123671,45-49,F,16,7589,2,3.150000095,1,1,0.02635393332454869,1.5750000475,0.4150744623797602,50.0,3.150000095
951464,936,123671,45-49,F,16,20997,10,11.94999981,1,0,0.0476258513120922,1.194999981,0.5691289141305901,10.0,
951508,936,123678,30-34,F,18,1134,0,0.0,1,0,0.0,,0.0,,
951542,936,123684,40-44,F,27,357,0,0.0,1,0,0.0,,0.0,,
951641,936,123700,40-44,F,2,87,0,0.0,1,1,0.0,,0.0,,0.0
951677,936,123706,35-39,F,27,2563,1,1.480000019,1,0,0.03901677721420211,1.480000019,0.5774483101833788,100.0,
951692,936,123709,35-39,F,10,1107,0,0.0,1,0,0.0,,0.0,,
951715,936,123713,45-49,F,64,10677,5,7.269999981,1,0,0.04682963379226374,1.4539999962,0.6809028735599887,20.0,
951756,936,123720,35-39,F,22,2189,1,0.409999996,1,0,0.04568296025582458,0.409999996,0.1873001352215624,100.0,
951779,936,123723,45-49,Unknown,27,3277,2,2.680000067,1,0,0.06103143118706134,1.3400000335,0.8178211983521514,50.0,
951782,936,123724,45-49,F,26,781,0,0.0,1,0,0.0,,0.0,,
951810,936,123729,35-39,F,16,2226,0,0.0,1,0,0.0,,0.0,,
951812,936,123729,35-39,F,16,16274,4,6.079999924,2,0,0.02457908320019663,1.519999981,0.373602059972963,50.0,
951837,936,123733,45-49,F,20,2077,1,1.50999999,1,1,0.04814636494944632,1.50999999,0.7270101059220029,100.0,1.50999999
951853,936,123736,30-34,F,20,529,0,0.0,0,0,0.0,,0.0,,
951854,936,123736,30-34,F,20,487,0,1.389999986,1,0,0.0,,2.854209416837783,,
951856,936,123736,30-34,Unknown,20,4626,2,2.099999905,2,0,0.04323389537397319,1.0499999525,0.4539558808906182,100.0,
951941,936,123750,30-34,F,28,2764,1,1.559999943,1,1,0.0361794500723589,1.559999943,0.5643994005065124,100.0,1.559999943
952001,936,123760,45-49,F,10,5447,2,2.960000038,1,0,0.03671745915182669,1.480000019,0.5434184024233523,50.0,
952080,936,123774,Unknown,F,27,415,0,0.0,1,0,0.0,,0.0,,
952100,936,123777,Unknown,F,29,810,0,0.0,1,1,0.0,,0.0,,0.0
1121091,1178,144531,30-34,M,10,1194718,141,254.049996,28,14,0.01180194824217933,1.801773021276596,0.2126443194126145,19.8581560283688,18.14642828571429
1121092,1178,144531,30-34,M,10,637648,67,122.4,13,5,0.01050736456477555,1.826865671641791,0.1919554362281384,19.40298507462687,24.48
1121094,1178,144531,30-34,M,10,24362,0,0.0,1,1,0.0,,0.0,,0.0
1121095,1178,144531,30-34,M,10,459690,50,86.33000112,5,2,0.01087689529900585,1.7266000224,0.1878004766690596,10.0,43.16500056
1121096,1178,144531,30-34,M,10,750060,86,48.890000105,11,2,0.01146574940671413,0.5684883733139535,0.06518145229048343,12.79069767441861,24.4450000525
1121097,1178,144532,30-34,M,15,30068,1,1.820000052,1,0,0.003325794864972728,1.820000052,0.06052946827191698,100.0,
1121098,1178,144532,30-34,M,15,1267550,123,236.7699986,24,10,0.009703759220543567,1.924959338211382,0.1867934192734014,19.51219512195122,23.67699986
1121100,1178,144532,Unknown,M,15,3052003,340,639.9499981,60,17,0.01114022496046039,1.882205876764706,0.2096819688905942,17.64705882352941,37.64411753529412
1121101,1178,144532,Unknown,M,15,29945,1,48.890000105,2,1,0.003339455668725998,48.890000105,1.632659879946569,200.0,48.890000105
1121102,1178,144532,30-34,M,15,357856,30,52.97000015,7,3,0.008383260305821335,1.765666671666666,0.1480204332189484,23.33333333333333,17.65666671666667
1121105,1178,144533,30-34,M,16,145999,9,16.5200001,5,2,0.006164425783738245,1.835555566666667,0.1131514606264427,55.55555555555556,8.26000005
1121107,1178,144533,30-34,M,16,32616,1,1.539999962,2,0,0.00306597988717194,1.539999962,0.04721608909737553,200.0,
1121108,1178,144533,30-34,Unknown,16,984521,95,163.8999972,26,14,0.00964936248185666,1.725263128421053,0.1664768930271675,27.36842105263158,11.70714265714286
1121110,1178,144534,30-34,M,18,880814,123,210.3600006,6,2,0.01396435569825184,1.710243907317073,0.2388245425254367,4.878048780487805,105.1800003
1121111,1178,144534,30-34,Unknown,18,182452,20,48.890000105,4,1,0.01096178720978668,2.44450000525,0.2679608889187293,20.0,48.890000105
1121113,1178,144534,30-34,M,18,894911,120,215.8399994,7,4,0.01340915465336777,1.798666661666667,0.2411859943614505,5.833333333333333,53.95999985
1121114,1178,144534,30-34,M,18,31349,2,3.800000072,1,0,0.006379788828989761,1.900000036,0.1212159900475294,50.0,
1121116,1178,144535,30-34,M,19,572450,89,157.329998,7,4,0.01554720936326317,1.767752786516854,0.2748362267446939,7.865168539325842,39.3324995
1121117,1178,144535,30-34,M,19,98759,15,26.56999946,1,1,0.01518848915035592,1.771333297333333,0.269038765682115,6.666666666666667,26.56999946
1121119,1178,144535,30-34,M,19,345371,54,93.08999991,7,3,0.01563536023580439,1.723888887222222,0.2695362375821942,12.96296296296296,31.02999997
1121121,1178,144536,30-34,M,20,323899,46,78.9200002,5,1,0.01420195801777715,1.71565217826087,0.2436562020876878,10.8695652173913,78.9200002
1121123,1178,144536,30-34,M,20,171202,22,36.53000021,3,1,0.01285031716919195,1.660454555,0.2133736767677948,13.63636363636363,36.53000021
1121124,1178,144536,30-34,M,20,128386,15,48.890000105,2,1,0.01168351689436543,3.259333340333333,0.38080476146153,13.33333333333333,48.890000105
1121125,1178,144536,30-34,M,20,1034284,152,48.890000105,20,9,0.01469615695495628,0.3216447375328947,0.04726941546519137,13.1578947368421,5.432222233888889
1121126,1178,144536,Unknown,M,20,45923,5,7.220000148,2,0,0.01088779043180977,1.4440000296,0.157219697058119,40.0,
1121127,1178,144537,30-34,M,21,40873,4,7.899999976,2,1,0.009786411567538473,1.974999994,0.1932816278717001,50.0,7.899999976
1121129,1178,144537,30-34,M,21,20618,1,2.099999905,2,1,0.004850130953535745,2.099999905,0.1018527454166262,200.0,2.099999905
1121131,1178,144537,30-34,M,21,83591,7,14.14000046,2,2,0.008374107260350995,2.020000065714286,0.1691569721620749,28.57142857142857,7.07000023
1121132,1178,144537,30-34,M,21,114923,12,23.73000026,4,2,0.01044177405741235,1.977500021666667,0.2064860842477137,33.33333333333333,11.86500013
1121133,1178,144538,Unknown,M,22,25002,1,1.710000038,1,0,0.003999680025597952,1.710000038,0.0683945299576034,100.0,
1121134,1178,144538,30-34,M,22,68905,5,9.440000057,1,0,0.007256367462448299,1.8880000114,0.1370002185182498,20.0,
1121136,1178,144538,30-34,Unknown,22,169588,16,27.79999924,1,0,0.00943462980871288,1.7374999525,0.1639266884449371,6.25,
1121138,1178,144538,30-34,M,22,328991,35,48.890000105,5,2,0.01063858889756863,1.396857145857143,0.148605889234052,14.28571428571428,24.4450000525
1121141,1178,144539,Unknown,M,23,23198,2,48.890000105,1,0,0.008621432882145013,24.4450000525,2.1075092725666,50.0,
1121142,1178,144539,30-34,Unknown,23,26890,2,3.24000001,1,0,0.007437709185570845,1.620000005,0.1204908891781331,50.0,
1121152,1178,144541,30-34,M,24,88443,7,13.0400002,1,1,0.007914702124532184,1.862857171428571,0.1474395961240573,14.28571428571428,13.0400002
1121153,1178,144541,30-34,M,24,187856,23,38.38999975,5,1,0.01224342049229197,1.669130423913044,0.2043586563644494,21.73913043478261,38.38999975
1121164,1178,144545,30-34,M,25,570699,80,138.7699997,9,2,0.01401789735044218,1.73462499625,0.2431579513894365,11.25,69.38499985
1121167,1178,144545,30-34,M,25,1063508,145,260.3800013,23,7,0.0136341240498426,1.795724146896552,0.2448312577808536,15.86206896551724,37.19714304285714
1121168,1178,144545,30-34,M,25,50523,6,8.549999952,1,0,0.01187577934801971,1.424999992,0.1692298547592186,16.66666666666666,
1121172,1178,144547,30-34,Unknown,26,87935,9,48.890000105,1,0,0.0102348325467675,5.432222233888889,0.5559788492068004,11.11111111111111,
1121173,1178,144547,30-34,M,26,278225,33,60.19999957,3,0,0.01186090394464911,1.824242411212121,0.2163716401114206,9.090909090909092,
1121175,1178,144547,Unknown,M,26,209461,20,34.19000006,1,0,0.009548316870443663,1.709500003,0.1632284771866839,5.0,
1121181,1178,144549,30-34,M,27,41030,3,5.140000105,2,1,0.0073117231294175,1.713333368333333,0.1252741921764563,66.66666666666666,5.140000105
1121182,1178,144549,30-34,M,27,876671,120,216.5599982,22,4,0.01368814526772301,1.804666651666667,0.2470253928782862,18.33333333333333,54.13999955
1121183,1178,144549,Unknown,M,27,399392,53,93.07000041,5,0,0.01327017065940229,1.756037743584906,0.2330292054172342,9.433962264150944,
1121184,1178,144549,30-34,M,27,283858,30,56.05999923,1,0,0.01056866461399714,1.868666641,0.197493110040936,3.333333333333333,
1121185,1178,144549,30-34,M,27,260699,31,54.09999871,5,2,0.01189110813620305,1.745161248709677,0.2075190112351793,16.12903225806452,27.049999355
1121193,1178,144552,30-34,M,28,57781,5,7.800000072,2,1,0.008653363562416711,1.5600000144,0.134992472819785,40.0,7.800000072
1121195,1178,144552,30-34,M,28,38757,3,5.220000029,1,0,0.007740537193281214,1.740000009666667,0.1346853479113451,33.33333333333333,
1121196,1178,144552,30-34,M,28,1392288,206,358.5500029,31,7,0.01479578937691052,1.740533994660194,0.2575257438834494,15.04854368932039,51.22142898571428
1121202,1178,144554,30-34,M,29,581281,65,115.1200008,10,5,0.01118219931496127,1.771076935384615,0.1980453529360154,15.38461538461539,23.02400016
1121203,1178,144554,30-34,M,29,1048861,128,219.770002,22,8,0.01220371431486155,1.716953140625,0.2095320562019181,17.1875,27.47125025
1121205,1178,144554,30-34,M,29,297452,30,48.890000105,4,1,0.01008566087973858,1.629666670166667,0.1643626538231378,13.33333333333333,48.890000105
1121207,1178,144554,Unknown,M,29,374175,38,63.32000101,8,3,0.01015567582013764,1.666315816052631,0.1692256324179862,21.05263157894737,21.10666700333333
1121211,1178,144556,30-34,Unknown,30,223586,32,54.24000037,1,0,0.01431216623581083,1.6950000115625,0.2425912193518378,3.125,
1121215,1178,144556,30-34,M,30,41636,3,4.210000038,1,0,0.00720530310308387,1.403333346,0.1011144211259487,33.33333333333333,
1121216,1178,144556,30-34,M,30,198658,30,48.890000105,8,1,0.01510132992378862,1.629666670166667,0.2461013405198885,26.66666666666667,48.890000105
1121220,1178,144558,30-34,M,31,100596,10,13.91999972,4,2,0.009940753111455723,1.391999972,0.1383752805280528,40.0,6.95999986
1121223,1178,144558,30-34,M,31,64020,5,11.0599997,1,0,0.007810059356451108,2.21199994,0.1727585082786629,20.0,
1121224,1178,144558,30-34,M,31,14289,0,0.0,1,0,0.0,,0.0,,
1121229,1178,144561,30-34,M,32,404866,43,87.42000079,4,0,0.01062079799242218,2.033023274186047,0.2159232950902274,9.30232558139535,
1121231,1178,144561,30-34,M,32,22256,1,1.659999967,1,1,0.004493170381020849,1.659999967,0.07458662684219985,100.0,1.659999967
1121233,1178,144561,30-34,M,32,57690,4,6.74000001,1,0,0.006933610677760443,1.6850000025,0.1168313400936037,25.0,
1121241,1178,144562,30-34,M,36,24952,5,8.220000267,3,2,0.02003847386983007,1.6440000534,0.3294325211205514,60.0,4.1100001335
1121242,1178,144562,30-34,M,36,38900,3,5.580000043,1,0,0.007712082262210797,1.860000014333333,0.1434447311825193,33.33333333333333,
1121243,1178,144562,Unknown,M,36,53520,6,9.2299999,1,1,0.01121076233183856,1.538333316666667,0.1724588920029895,16.66666666666666,9.2299999
1121244,1178,144562,Unknown,M,36,181683,20,48.890000105,2,1,0.01100818458523913,2.44450000525,0.2690950727641001,10.0,48.890000105
1121245,1178,144562,30-34,M,36,29185,2,3.149999976,1,0,0.00685283536063046,1.574999988,0.1079321561075895,50.0,
1121246,1178,144562,30-34,M,36,105047,13,20.2099994,3,1,0.01237541291041153,1.554615338461538,0.1923900673032071,23.07692307692308,20.2099994
1121250,1178,144565,30-34,Unknown,63,287976,31,59.43999982,3,2,0.01076478595438509,1.917419349032258,0.2064060887712865,9.67741935483871,29.71999991
1121251,1178,144565,30-34,M,63,212175,22,38.58999968,2,1,0.01036879934016731,1.754090894545455,0.181878165099564,9.090909090909092,38.58999968
1121252,1178,144565,30-34,M,63,11139,0,0.0,1,1,0.0,,0.0,,0.0
1121254,1178,144565,30-34,M,63,124005,11,21.84999979,4,1,0.008870610056046127,1.986363617272727,0.1762025707834362,36.36363636363637,21.84999979
1121255,1178,144565,30-34,M,63,20423,1,1.960000038,1,0,0.004896440287910689,1.960000038,0.09597023150369682,100.0,
1121261,1178,144567,30-34,M,64,103001,14,22.32000005,1,0,0.01359210104756264,1.594285717857143,0.2166969257580023,7.142857142857142,
1121262,1178,144567,30-34,M,64,447420,66,110.2399991,7,2,0.01475124044521926,1.670303016666667,0.2463904141522507,10.60606060606061,55.11999955
1121263,1178,144567,30-34,M,64,156101,19,29.75000048,2,2,0.01217160684428671,1.565789498947368,0.1905817418210005,10.52631578947368,14.87500024
1121264,1178,144567,30-34,M,64,93015,12,18.47000015,1,0,0.01290114497661667,1.539166679166667,0.1985701247110681,8.333333333333332,
1121265,1178,144568,Unknown,M,65,145398,23,36.24000025,1,0,0.01581864949999312,1.575652184782609,0.2492468964497448,4.347826086956522,
1121269,1178,144568,30-34,M,65,296413,50,48.890000105,3,1,0.01686835597628984,0.9778000021,0.1649387850903975,6.0,48.890000105
1121273,1178,144569,30-34,M,2,9370,0,0.0,1,1,0.0,,0.0,,0.0
1121274,1178,144569,30-34,M,2,63785,7,11.80000019,6,2,0.01097436701418829,1.685714312857143,0.1849964755036451,85.71428571428571,5.900000095
1121276,1178,144569,30-34,M,2,240123,38,65.67000115,5,4,0.0158252229065937,1.728157925,0.2734848438092145,13.1578947368421,16.4175002875
1121277,1178,144570,30-34,Unknown,7,169108,20,32.24000025,2,1,0.01182676159613975,1.6120000125,0.1906473984081179,10.0,32.24000025
1121278,1178,144570,30-34,M,7,1044442,142,245.5999999,22,8,0.01359577650075351,1.729577464084507,0.23514948642433,15.49295774647887,30.6999999875
1121279,1178,144570,30-34,M,7,93891,11,17.6400001,5,3,0.01171571290113003,1.603636372727273,0.1878774334068228,45.45454545454545,5.880000033333334
1121282,1178,144570,30-34,Unknown,7,185823,25,38.54999936,4,1,0.01345366289425959,1.5419999744,0.2074554783853452,16.0,38.54999936
1121284,1178,144571,30-34,M,66,175631,23,40.75999951,1,0,0.01309563801379028,1.772173891739131,0.2320774778370561,4.347826086956522,
1121285,1178,144571,30-34,M,66,37187,4,6.370000005,1,0,0.01075644714550784,1.59250000125,0.1712964209266679,25.0,
1121286,1178,144571,30-34,M,66,10991,0,0.0,1,0,0.0,,0.0,,
1121287,1178,144571,30-34,M,66,344618,51,89.76000047,3,1,0.0147989948290571,1.760000009215686,0.2604623103552339,5.88235294117647,89.76000047
1121289,1178,144572,35-39,M,10,98066,9,16.1500001,1,0,0.009177492708991904,1.794444455555555,0.1646850090755206,11.11111111111111,
1121290,1178,144572,35-39,Unknown,10,770749,100,189.1299984,13,3,0.01297439244163794,1.891299984,0.2453846821727955,13.0,63.0433328
1121291,1178,144572,35-39,M,10,52553,5,8.529999852,1,0,0.009514204707628489,1.7059999704,0.1623123294959374,20.0,
1121292,1178,144572,35-39,M,10,362296,39,67.77000129,7,3,0.01076467860533928,1.737692340769231,0.1870569956334047,17.94871794871795,22.59000043
1121293,1178,144572,35-39,M,10,427729,50,96.8999989,4,1,0.01168964461142452,1.937999978,0.2265453099976855,8.0,96.8999989
1121297,1178,144573,Unknown,M,15,187329,29,53.15999961,2,1,0.01548078514271682,1.833103434827586,0.2837788041894208,6.896551724137931,53.15999961
1121302,1178,144574,Unknown,M,16,1206533,128,48.890000105,17,6,0.01060890999251575,0.3819531258203125,0.04052106333187737,13.28125,8.148333350833333
1121303,1178,144574,35-39,M,16,84494,7,12.57000017,2,0,0.008284611925107108,1.79571431,0.1487679618671148,28.57142857142857,
1121304,1178,144574,35-39,Unknown,16,94257,7,12.5800004,1,1,0.007426504132319085,1.797142914285714,0.1334648927931082,14.28571428571428,12.5800004
1121309,1178,144575,35-39,Unknown,18,131060,16,28.04999959,2,1,0.01220814893941706,1.753124974375,0.2140241079658172,12.5,28.04999959
1121310,1178,144575,35-39,Unknown,18,341603,50,83.48000121,4,2,0.01463687379794674,1.6696000242,0.2443772484726422,8.0,41.740000605
1121311,1178,144575,35-39,M,18,140749,19,30.4799999,1,1,0.01349920780964696,1.604210521052632,0.216555711941115,5.263157894736842,30.4799999
1121317,1178,144576,35-39,M,19,76355,9,14.62999988,2,0,0.01178704734464017,1.625555542222222,0.1916050013751555,22.22222222222222,
1121319,1178,144577,35-39,M,20,256598,38,64.46999931,6,1,0.01480915673543831,1.696578929210526,0.2512490327672079,15.78947368421053,64.46999931
1121321,1178,144577,35-39,M,20,127476,21,30.15000057,3,2,0.0164736891650193,1.435714312857143,0.2365151131977784,14.28571428571428,15.075000285
1121327,1178,144578,35-39,M,21,271091,42,78.03999984,3,1,0.01549295255098841,1.858095234285714,0.2878738130000627,7.142857142857142,78.03999984
1121334,1178,144579,35-39,M,22,108362,13,22.42999983,1,1,0.01199682545541795,1.725384602307692,0.206991379173511,7.692307692307693,22.42999983
1121335,1178,144579,35-39,Unknown,22,188596,27,44.14000034,3,0,0.01431631635877749,1.634814827407407,0.2340452625718467,11.11111111111111,
1121336,1178,144579,Unknown,M,22,275080,43,69.65999997,4,3,0.01563181619892395,1.619999999302326,0.2532354223135088,9.30232558139535,23.21999999
1121337,1178,144580,35-39,M,23,64647,10,16.26999998,1,0,0.01546862190047489,1.626999998,0.251674478011354,10.0,
1121340,1178,144580,35-39,M,23,140147,24,42.08000016,2,0,0.01712487602303296,1.75333334,0.3002561607455029,8.333333333333332,
1121341,1178,144580,35-39,M,23,223120,40,67.66999984,1,0,0.01792757260666906,1.691749996,0.3032897088562209,2.5,
1121342,1178,144580,35-39,M,23,104869,18,34.07000089,1,0,0.0171642716150626,1.892777827222222,0.3248815273341026,5.555555555555555,
1121344,1178,144581,35-39,M,24,165177,23,41.71999967,4,1,0.01392445679483221,1.813913029130435,0.2525775360370996,17.39130434782609,41.71999967
1121345,1178,144581,35-39,M,24,84194,11,19.56999981,1,0,0.01306506401881369,1.779090891818182,0.2324393639689289,9.090909090909092,
1121347,1178,144581,35-39,Unknown,24,220581,31,57.37,1,1,0.0140537942977863,1.850645161290323,0.2600858641496774,3.225806451612903,57.37
1121350,1178,144582,Unknown,M,25,75804,10,48.890000105,2,1,0.01319191599387895,4.8890000105,0.644952774325893,20.0,48.890000105
1121352,1178,144582,35-39,Unknown,25,368986,59,100.289999,0,0,0.01598976654940838,1.699830491525424,0.2717989273305762,0.0,
1121355,1178,144583,35-39,M,26,99961,14,23.2099998,1,0,0.01400546213023079,1.657857128571429,0.232190552315403,7.142857142857142,
1121361,1178,144584,35-39,M,27,685781,103,177.8899992,10,1,0.01501937207359201,1.727087370873786,0.2593976782675519,9.70873786407767,177.8899992
1121364,1178,144584,35-39,M,27,274222,43,66.7700001,2,1,0.01568072583527215,1.5527907,0.2434888524626033,4.651162790697675,66.7700001
1121365,1178,144584,35-39,M,27,110503,25,32.67999995,4,0,0.02262382016777825,1.307199998,0.2957385767807209,16.0,
1121367,1178,144585,35-39,M,28,1447755,233,420.5799983,11,8,0.01609388328826356,1.805064370386266,0.290504953047995,4.721030042918455,52.5724997875
1121368,1178,144585,35-39,Unknown,28,358987,52,87.55000067,1,0,0.01448520419959497,1.683653859038462,0.243880699496082,1.923076923076923,
1121372,1178,144585,35-39,M,28,378350,55,96.48000073,4,0,0.01453680454605524,1.754181831454545,0.2550019842209594,7.272727272727272,
1121373,1178,144586,35-39,M,29,492784,56,95.5100013,7,4,0.01136400532484821,1.7055357375,0.1938171720266892,12.5,23.877500325
1121375,1178,144586,35-39,M,29,9921,0,0.0,1,0,0.0,,0.0,,
1121378,1178,144586,35-39,M,29,1040330,147,254.2500038,13,2,0.01413013178510665,1.729591862585034,0.244393609527746,8.843537414965986,127.1250019
1121379,1178,144587,35-39,M,30,49422,6,11.17000031,1,0,0.01214034235765449,1.861666718333334,0.2260127131641779,16.66666666666666,
1121380,1178,144587,35-39,M,30,131091,18,34.23000026,3,1,0.0137309197427741,1.901666681111111,0.2611163257584426,16.66666666666666,34.23000026
1121381,1178,144587,35-39,M,30,95691,15,25.26000011,1,1,0.01567545537197856,1.684000007333333,0.2639746696136523,6.666666666666667,25.26000011
1121390,1178,144588,35-39,M,31,15513,1,1.289999962,1,0,0.00644620640752917,1.289999962,0.08315606020756784,100.0,
1121391,1178,144589,35-39,M,32,382537,63,113.9900012,4,3,0.01646899515602412,1.809365098412698,0.2979842504123784,6.349206349206349,37.99666706666667
1121394,1178,144589,35-39,M,32,461356,64,48.890000105,6,3,0.01387215079027909,0.763906251640625,0.1059702271239563,9.375,16.29666670166667
1121395,1178,144589,35-39,M,32,392541,53,48.890000105,3,2,0.01350177433694824,0.9224528321698113,0.1245474997643558,5.660377358490567,24.4450000525
1121400,1178,144590,35-39,M,36,53933,6,9.929999948,3,1,0.01112491424545269,1.654999991333334,0.1841173297980828,50.0,9.929999948
1121403,1178,144591,35-39,M,63,228861,33,48.890000105,4,2,0.01441923263465597,1.48151515469697,0.2136231166734393,12.12121212121212,24.4450000525
1121405,1178,144591,35-39,M,63,20959,2,3.769999981,1,1,0.009542440001908488,1.8849999905,0.1798749931294432,50.0,3.769999981
1121410,1178,144592,35-39,M,64,24992,2,3.190000057,1,0,0.008002560819462228,1.5950000285,0.1276408473511524,50.0,
1121413,1178,144592,Unknown,M,64,65060,7,14.5200001,1,1,0.01075929910851522,2.074285728571429,0.2231786059022441,14.28571428571428,14.5200001
1121414,1178,144592,35-39,M,64,133316,21,36.17000055,2,0,0.01575204776620961,1.722380978571428,0.2713102744606798,9.523809523809524,
1121418,1178,144593,35-39,M,65,192810,41,61.92999995,4,3,0.02126445723769514,1.510487803658537,0.32119703308957,9.75609756097561,20.64333331666667
1121421,1178,144594,35-39,M,2,233404,43,70.4100008,2,1,0.01842299189388357,1.637441879069768,0.301665784648078,4.651162790697675,70.4100008
1121423,1178,144594,Unknown,M,2,63564,12,20.59000027,2,0,0.01887861053426468,1.715833355833333,0.3239254966647788,16.66666666666666,
1121425,1178,144594,35-39,M,2,85970,14,24.78000021,1,1,0.0162847504943585,1.770000015,0.288240086192858,7.142857142857142,24.78000021
1121428,1178,144595,35-39,M,7,131232,16,29.53999937,1,1,0.0121921482565228,1.846249960625,0.2250975323853938,6.25,29.53999937
1121430,1178,144595,35-39,M,7,28989,2,2.290000021,1,0,0.006899168650177653,1.1450000105,0.07899548176894684,50.0,
1121433,1178,144596,35-39,M,66,80248,15,24.1900003,1,1,0.018692054630645,1.612666686666667,0.3014405380819459,6.666666666666667,24.1900003
1121440,1178,144597,40-44,Unknown,10,250499,36,58.14000005,3,1,0.01437131485554832,1.615000001388889,0.232096735116707,8.333333333333332,58.14000005
1121442,1178,144597,40-44,M,10,131637,18,48.890000105,2,1,0.01367396704573942,2.716111116944445,0.3714001390566481,11.11111111111111,48.890000105
1121443,1178,144597,40-44,M,10,463813,69,116.3399996,4,2,0.01487668521580896,1.686086950724638,0.2508338481241362,5.797101449275362,58.1699998
1121446,1178,144598,40-44,M,15,163181,26,40.02000093,1,1,0.01593322752036083,1.539230805,0.2452491462241315,3.846153846153846,40.02000093
1121451,1178,144599,40-44,M,16,1117385,147,48.890000105,11,2,0.01315571624820451,0.3325850347278911,0.0437539434527938,7.482993197278912,24.4450000525
1121452,1178,144599,40-44,M,16,1663441,205,359.4700001,17,6,0.01232385158235249,1.753512195609756,0.2161002404653967,8.292682926829269,59.91166668333333
1121453,1178,144599,40-44,M,16,455248,54,105.7099996,5,2,0.01186166660809053,1.957592585185185,0.2322031059993674,9.25925925925926,52.8549998
1121454,1178,144599,40-44,M,16,75589,6,10.66000009,1,1,0.00793766288745717,1.776666681666667,0.1410258118244718,16.66666666666666,10.66000009
1121456,1178,144599,40-44,M,16,315281,35,65.02999854,1,0,0.01110120812862177,1.857999958285714,0.2062604423990028,2.857142857142857,
1121464,1178,144601,40-44,M,19,363456,71,117.5599997,7,1,0.0195346892058461,1.655774643661972,0.3234504305885719,9.859154929577464,117.5599997
1121466,1178,144601,40-44,M,19,438983,81,143.4300001,3,1,0.01845173958900459,1.770740741975309,0.3267324705056916,3.703703703703703,143.4300001
1121467,1178,144601,40-44,M,19,42563,5,9.659999847,1,1,0.01174729224913657,1.9319999694,0.2269576826586472,20.0,9.659999847
1121469,1178,144602,40-44,M,20,399035,75,124.7999995,7,3,0.0187953437668375,1.663999993333333,0.312754519027153,9.333333333333334,41.59999983333334
1121471,1178,144602,40-44,Unknown,20,304680,59,98.55000019,3,0,0.01936457923066824,1.670338986271187,0.3234541164172247,5.084745762711865,
1121472,1178,144602,40-44,M,20,140596,23,40.77000022,1,0,0.01635892913027398,1.772608705217391,0.2899798018435802,4.347826086956522,
1121473,1178,144602,40-44,M,20,439986,80,134.8799999,4,3,0.01818239671262267,1.68599999875,0.3065552083475384,5.0,44.95999996666666
1121474,1178,144602,40-44,M,20,75803,11,19.3599999,2,2,0.01451129902510455,1.759999990909091,0.255398861522631,18.18181818181818,9.67999995
1121477,1178,144603,40-44,M,21,7073,0,0.0,1,0,0.0,,0.0,,
1121481,1178,144604,40-44,M,22,153586,28,43.01000035,2,0,0.01823082833070723,1.536071441071428,0.2800385474587527,7.142857142857142,
1121482,1178,144604,40-44,M,22,180815,31,42.62999976,1,0,0.01714459530459309,1.375161282580645,0.2357658366839034,3.225806451612903,
1121483,1178,144604,40-44,M,22,253169,51,75.78999984,1,0,0.0201446464614546,1.486078428235294,0.2993652455079413,1.96078431372549,
1121484,1178,144604,40-44,M,22,34453,5,7.710000038,1,1,0.01451252430847822,1.5420000076,0.223783125939686,20.0,7.710000038
1121487,1178,144605,40-44,M,23,51550,8,14.03999984,1,0,0.01551891367604268,1.75499998,0.2723569319107663,12.5,
1121489,1178,144605,40-44,M,23,110018,24,39.85999966,1,0,0.02181461215437474,1.660833319166667,0.3623043471068371,4.166666666666666,
1121493,1178,144606,40-44,M,24,137584,21,36.77999961,1,0,0.01526340272124666,1.751428552857143,0.2673275933974881,4.761904761904762,
1121497,1178,144606,40-44,M,24,209825,30,54.86999953,1,0,0.01429762897652806,1.828999984333333,0.2615036317407363,3.333333333333333,
1121499,1178,144607,40-44,M,25,264222,63,87.7899996,1,1,0.02384358607534573,1.393492057142857,0.3322584780979631,1.587301587301587,87.7899996
1121510,1178,144608,40-44,M,26,31202,5,48.890000105,1,0,0.01602461380680726,9.778000021,1.566886741394782,20.0,
1121514,1178,144609,Unknown,M,27,56265,9,15.53999972,1,0,0.01599573447080779,1.726666635555556,0.276193010219497,11.11111111111111,
1121523,1178,144611,40-44,M,29,76923,11,48.890000105,2,2,0.0143000143000143,4.444545464090909,0.635570636935637,18.18181818181818,24.4450000525
1121524,1178,144611,40-44,Unknown,29,209332,30,49.60000014,3,1,0.01433130147325779,1.653333338,0.2369441850266562,10.0,49.60000014
1121525,1178,144611,40-44,M,29,214094,31,53.26999903,1,0,0.01447962110101171,1.718387065483871,0.2488159361308584,3.225806451612903,
1121526,1178,144611,40-44,M,29,526209,85,126.9299996,3,2,0.01615327750000475,1.493294112941177,0.2412159419546226,3.529411764705882,63.4649998
1121527,1178,144611,40-44,M,29,741143,120,179.620001,4,1,0.01619120736484052,1.496833341666667,0.2423553902553219,3.333333333333333,179.620001
1121528,1178,144611,40-44,M,29,172827,25,38.42000043,2,0,0.01446533238440753,1.5368000172,0.2223032305716121,8.0,
1121530,1178,144612,Unknown,M,30,188873,38,58.5999999,1,1,0.02011933945031847,1.542105260526316,0.3102613920465074,2.631578947368421,58.5999999
1121532,1178,144612,40-44,M,30,123126,25,39.72999978,2,1,0.0203044036190569,1.5891999912,0.3226775805272648,8.0,39.72999978
1121541,1178,144614,40-44,M,32,56630,9,15.81000018,1,1,0.01589263641179587,1.756666686666667,0.2791806494790747,11.11111111111111,15.81000018
1121544,1178,144614,40-44,M,32,400844,85,140.9700022,4,2,0.02120525690792428,1.658470614117647,0.3516829544660766,4.705882352941177,70.4850011
1121545,1178,144614,Unknown,M,32,208572,36,60.76000023,2,1,0.01726022668431046,1.687777784166667,0.2913142714745987,5.555555555555555,60.76000023
1121548,1178,144615,40-44,M,36,59004,8,13.51000011,1,0,0.01355840282014779,1.68875001375,0.2289675294895261,12.5,
1121551,1178,144615,40-44,M,36,196253,32,55.10000002,1,0,0.01630548322828186,1.721875000625,0.2807600394388876,3.125,
1121557,1178,144616,Unknown,M,63,280764,49,81.36000025,2,1,0.01745237993474947,1.660408168367347,0.2897807420110841,4.081632653061225,81.36000025
1121561,1178,144617,40-44,M,64,63660,11,16.47000003,1,1,0.01727929626138863,1.49727273,0.2587181908576814,9.090909090909092,16.47000003
1121562,1178,144617,40-44,M,64,109289,19,31.02999997,1,0,0.01738509822580498,1.633157893157895,0.2839261039079871,5.263157894736842,
1121568,1178,144618,40-44,M,65,188440,40,60.72999966,2,1,0.02122691572914456,1.5182499915,0.3222776462534493,5.0,60.72999966
1121572,1178,144619,40-44,M,2,32574,5,7.480000019,1,0,0.01534966537729478,1.4960000038,0.2296309946276171,20.0,
1121575,1178,144619,40-44,M,2,128595,23,36.4800005,1,1,0.01788560986041448,1.58608697826087,0.2836813289785762,4.347826086956522,36.4800005
1121577,1178,144620,40-44,M,7,242234,48,68.06000054,2,0,0.01981555025306109,1.417916677916667,0.2809679918591115,4.166666666666666,
1121584,1178,144621,40-44,M,66,33154,5,7.879999995,1,1,0.01508113651444773,1.575999999,0.2376787113168849,20.0,7.879999995
1121585,1178,144621,40-44,M,66,9773,1,1.460000038,1,0,0.01023227258774174,1.460000038,0.149391183669293,100.0,
1121589,1178,144622,45-49,M,10,464036,77,123.5500004,3,1,0.01659354015636718,1.60454545974026,0.2662508951891664,3.896103896103896,123.5500004
1121590,1178,144622,45-49,M,10,478480,75,135.7500012,3,1,0.01567463634843672,1.810000016,0.2837109204146464,4.0,135.7500012
1121593,1178,144622,Unknown,M,10,1177535,221,365.6600009,15,3,0.01876801963423592,1.654570139819004,0.3105300487034355,6.787330316742081,121.8866669666667
1121594,1178,144622,45-49,M,10,426500,72,128.2799988,4,1,0.01688159437280188,1.78166665,0.3007737369284876,5.555555555555555,128.2799988
1121597,1178,144623,45-49,M,15,54237,7,10.77999985,2,1,0.01290631856481738,1.539999978571428,0.1987573031325479,28.57142857142857,10.77999985
1121601,1178,144624,45-49,M,16,2286228,353,603.380002,16,7,0.0154402797971156,1.709291790368272,0.2639194349819878,4.53257790368272,86.19714314285714
1121602,1178,144624,45-49,M,16,915451,125,220.559999,6,1,0.01365447194879901,1.764479992,0.240930425549811,4.8,220.559999
1121603,1178,144624,45-49,M,16,159478,20,33.89999998,3,1,0.01254091473432072,1.694999999,0.2125685046213271,15.0,33.89999998
1121605,1178,144624,Unknown,M,16,1228924,190,318.9700032,6,3,0.01546067942362587,1.678789490526316,0.2595522613277957,3.157894736842105,106.3233344
1121606,1178,144624,45-49,Unknown,16,938283,134,248.6400001,7,2,0.01428140550345685,1.85552238880597,0.2649946765528098,5.223880597014925,124.32000005
1121607,1178,144625,45-49,M,18,154572,26,40.93000007,1,1,0.01682064021944466,1.574230771923077,0.2647956943689672,3.846153846153846,40.93000007
1121612,1178,144625,45-49,M,18,468749,84,134.1199975,6,1,0.01792003822941489,1.596666636904762,0.2861232717296464,7.142857142857142,134.1199975
1121613,1178,144626,45-49,Unknown,19,309823,60,103.3899996,4,4,0.01936589601159372,1.72316666,0.3337066634820526,6.666666666666667,25.8474999
1121615,1178,144626,45-49,M,19,327227,65,116.5599996,5,0,0.0198638865374801,1.793230763076923,0.3562053241327885,7.692307692307693,
1121616,1178,144626,45-49,M,19,334945,72,120.2999994,2,1,0.02149606651838361,1.670833325,0.3591634429533207,2.777777777777778,120.2999994
1121617,1178,144626,45-49,M,19,68859,15,25.45999968,1,0,0.02178364483945454,1.697333312,0.3697410604278308,6.666666666666667,
1121619,1178,144627,45-49,M,20,127125,20,35.67999983,2,0,0.01573254670599803,1.7839999915,0.2806686318977384,10.0,
1121622,1178,144627,45-49,M,20,107671,20,29.91000021,1,1,0.01857510378839242,1.4955000105,0.2777906791057945,5.0,29.91000021
1121623,1178,144627,45-49,M,20,164356,28,46.7900002,2,1,0.01703618973447881,1.671071435714286,0.2846869003869649,7.142857142857142,46.7900002
1121624,1178,144627,45-49,M,20,17662,2,3.189999938,1,0,0.01132374589514211,1.594999969,0.1806137435171555,50.0,
1121627,1178,144628,45-49,M,21,65339,10,16.67999983,2,0,0.01530479499227108,1.667999983,0.2552839778692664,20.0,
1121629,1178,144628,45-49,Unknown,21,381577,81,127.5699993,2,0,0.02122769454133766,1.574938262962963,0.334323083676427,2.469135802469136,
1121635,1178,144629,Unknown,M,22,45491,8,11.00999999,1,0,0.01758589611131872,1.37624999875,0.2420258950122002,12.5,
1121638,1178,144630,45-49,M,23,18946,2,3.599999905,1,0,0.01055631795629684,1.7999999525,0.1900137181990922,50.0,
1121641,1178,144630,45-49,M,23,114370,18,33.65999997,1,0,0.01573839293521028,1.869999998333333,0.2943079476261257,5.555555555555555,
1121660,1178,144633,45-49,M,26,24078,4,5.769999981,1,0,0.01661267547138467,1.44249999525,0.2396378428856217,25.0,
1121662,1178,144634,45-49,M,27,145104,25,41.42000008,2,1,0.01722902194288235,1.6568000032,0.2854504361010034,8.0,41.42000008
1121664,1178,144634,45-49,M,27,179950,35,58.67999971,1,0,0.01944984717977216,1.676571420285714,0.326090579105307,2.857142857142857,
1121665,1178,144634,45-49,M,27,258531,46,80.33999979,2,0,0.01779283722261547,1.746521734565217,0.3107557692887893,4.347826086956522,
1121666,1178,144634,45-49,M,27,272500,62,48.890000105,3,0,0.02275229357798165,0.7885483887903225,0.1794128444220183,4.838709677419355,
1121667,1178,144635,45-49,M,28,273197,57,87.7300005,3,0,0.02086406512516609,1.539122815789474,0.3211235866426059,5.263157894736842,
1121668,1178,144635,45-49,M,28,775904,172,253.990002,4,2,0.02216769084835237,1.476686058139535,0.3273472001690931,2.325581395348837,126.995001
1121669,1178,144635,45-49,M,28,120251,26,39.44000006,1,0,0.02162144181753167,1.516923079230769,0.3279806409925905,3.846153846153846,
1121671,1178,144635,45-49,M,28,139406,24,39.04999948,1,0,0.01721590175458732,1.627083311666667,0.2801170644018192,4.166666666666666,
1121672,1178,144635,45-49,M,28,60314,11,16.93999958,2,1,0.01823788838412309,1.539999961818182,0.2808634741519381,18.18181818181818,16.93999958
1121673,1178,144636,45-49,M,29,563074,86,48.890000105,4,2,0.01527330333135609,0.5684883733139535,0.08682695365973211,4.651162790697675,24.4450000525
1121674,1178,144636,45-49,M,29,168655,18,27.29999983,2,0,0.01067267498740031,1.516666657222222,0.1618689029675966,11.11111111111111,
1121675,1178,144636,45-49,M,29,111963,17,29.3799994,2,1,0.01518358743513482,1.728235258823529,0.2624081116082991,11.76470588235294,29.3799994
1121676,1178,144636,45-49,M,29,1026304,168,277.5799986,17,8,0.01636941880768272,1.652261896428572,0.2704656696261537,10.11904761904762,34.697499825
1121677,1178,144636,Unknown,M,29,1391924,258,422.8400038,17,10,0.01853549475402393,1.638914743410853,0.3037809562878432,6.589147286821706,42.28400037999999
1121685,1178,144638,Unknown,M,31,66794,9,17.3299998,1,1,0.01347426415546307,1.925555533333333,0.259454439021469,11.11111111111111,17.3299998
1121687,1178,144638,45-49,M,31,118882,19,32.30999994,2,1,0.015982234484615,1.700526312631579,0.271782102757356,10.52631578947368,32.30999994
1121689,1178,144638,45-49,M,31,148010,24,41.96999943,1,0,0.01621512059995946,1.74874997625,0.2835619176407,4.166666666666666,
1121691,1178,144639,Unknown,M,32,932890,197,352.4499989,3,1,0.02111717351456227,1.789086288832487,0.3778044559379992,1.522842639593909,352.4499989
1121692,1178,144639,45-49,Unknown,32,718359,147,264.5899997,4,1,0.02046330595148109,1.799931970748299,0.3683255860927476,2.72108843537415,264.5899997
1121693,1178,144639,45-49,M,32,433658,82,158.5999998,5,2,0.0189089097860526,1.93414633902439,0.3657259863763611,6.097560975609756,79.2999999
1121695,1178,144639,45-49,M,32,29455,3,4.769999981,1,0,0.01018502800882702,1.589999993666667,0.1619419446952979,33.33333333333333,
1121701,1178,144640,45-49,M,36,23973,3,4.820000052,1,1,0.01251407833813039,1.606666684,0.2010595274684019,33.33333333333333,4.820000052
1121705,1178,144641,Unknown,M,63,126480,25,37.25999999,1,1,0.01976597090449083,1.4903999996,0.2945920302814674,4.0,37.25999999
1121706,1178,144641,45-49,M,63,138959,28,39.5200007,1,0,0.02014982836664052,1.411428596428571,0.2844004396980404,3.571428571428571,
1121711,1178,144642,Unknown,M,64,49916,10,16.38,1,1,0.02003365654299223,1.638,0.3281512941742127,10.0,16.38
1121716,1178,144643,45-49,M,65,76014,16,22.67000031,1,1,0.02104875417686216,1.416875019375,0.2982345398216118,6.25,22.67000031
1121723,1178,144644,45-49,M,2,50947,10,48.890000105,1,0,0.01962824111331384,4.8890000105,0.9596247100908788,10.0,
1121741,1178,144647,30-34,F,10,318042,46,64.40999997,8,4,0.01446349853164048,1.400217390652174,0.2025204217367517,17.39130434782609,16.1024999925
1121746,1178,144648,30-34,F,15,1117371,177,268.050002,26,5,0.01584075477169177,1.514406790960452,0.2398934660018919,14.68926553672316,53.6100004
1121749,1178,144648,30-34,F,15,333345,52,77.59000027,5,1,0.01559945401910933,1.492115389807692,0.2327618541451049,9.615384615384617,77.59000027
1121751,1178,144649,30-34,F,16,275930,30,46.77999997,5,2,0.01087232269053746,1.559333332333333,0.1695357517123908,16.66666666666666,23.389999985
1121754,1178,144649,30-34,F,16,328272,35,55.99000025,2,1,0.010661890139884,1.599714292857143,0.1705597804564507,5.714285714285714,55.99000025
1121755,1178,144649,30-34,F,16,178455,20,31.5400002,6,3,0.01120730716427111,1.57700001,0.1767392351012861,30.0,10.5133334
1121758,1178,144650,30-34,F,18,690373,91,159.5700021,5,2,0.01318128026443676,1.753516506593407,0.2311359252172377,5.494505494505495,79.78500105
1121760,1178,144650,30-34,F,18,764793,101,171.9799976,4,2,0.01320618781814164,1.702772253465346,0.2248713019078365,3.96039603960396,85.9899988
1121764,1178,144651,30-34,F,19,23368,3,4.300000191,1,0,0.01283806915439918,1.433333397,0.1840123327199589,33.33333333333333,
1121765,1178,144651,30-34,Unknown,19,51509,7,11.57000005,1,0,0.01358985808305345,1.65285715,0.2246209410006018,14.28571428571428,
1121767,1178,144651,30-34,F,19,87043,16,24.48000002,2,0,0.01838171938007651,1.53000000125,0.2812403067449422,12.5,
1121768,1178,144651,30-34,F,19,565565,113,169.6699982,7,4,0.01998001998001998,1.501504408849557,0.3000008808890225,6.194690265486726,42.41749955
1121769,1178,144652,30-34,F,20,253758,43,62.14000034,4,1,0.01694527857249821,1.445116286976744,0.2448789805247519,9.30232558139535,62.14000034
1121773,1178,144652,30-34,F,20,319131,51,76.68000025,6,1,0.01598089812647471,1.503529416666667,0.2402775043790795,11.76470588235294,76.68000025
1121779,1178,144653,30-34,F,21,271589,45,74.41000032,9,3,0.01656915412627168,1.653555562666666,0.2739801697417789,20.0,24.80333344
1121780,1178,144653,30-34,F,21,119772,20,33.46999907,5,2,0.01669839361453428,1.6734999535,0.2794476093744782,25.0,16.734999535
1121783,1178,144654,30-34,F,22,594968,111,147.6700006,4,0,0.01865646555781151,1.330360365765766,0.2481982234338654,3.603603603603604,
1121791,1178,144655,30-34,F,23,6838,0,0.0,1,0,0.0,,0.0,,
1121795,1178,144656,30-34,F,24,24959,3,4.560000062,1,1,0.01201971232821828,1.520000020666667,0.1826996298729917,33.33333333333333,4.560000062
1121796,1178,144656,30-34,Unknown,24,136967,23,35.05999982,3,1,0.01679236604437565,1.52434781826087,0.2559740654318194,13.04347826086956,35.05999982
1121798,1178,144656,Unknown,F,24,107548,19,29.31000018,1,0,0.01766653029345036,1.542631588421053,0.2725294768847398,5.263157894736842,
1121803,1178,144657,30-34,F,25,588617,119,169.9199973,2,0,0.02021688126574666,1.42789913697479,0.2886766731168145,1.680672268907563,
1121807,1178,144658,30-34,F,26,373110,49,75.70000076,4,2,0.0131328562622283,1.544897974693877,0.202889230414623,8.16326530612245,37.85000038
1121812,1178,144659,30-34,F,27,935646,170,256.4699982,19,6,0.0181692648715433,1.508647048235294,0.2741100781705902,11.1764705882353,42.7449997
1121814,1178,144659,30-34,Unknown,27,2223278,421,612.3000032,38,13,0.0189360035047349,1.454394306888361,0.2754041569250449,9.026128266033254,47.10000024615385
1121816,1178,144659,30-34,F,27,259984,37,54.7900002,5,0,0.01423164502430919,1.480810816216216,0.2107437388454674,13.51351351351351,
1121817,1178,144660,30-34,F,28,606786,127,179.050001,11,3,0.02092994894410879,1.409842527559055,0.2950793212104432,8.661417322834646,59.68333366666667
1121818,1178,144660,30-34,F,28,83270,13,17.74000001,1,0,0.01561186501741323,1.364615385384615,0.2130419119730995,7.692307692307693,
1121819,1178,144660,30-34,F,28,1189509,268,375.7199963,7,3,0.02253030452060472,1.401940284701493,0.3158614153402791,2.611940298507462,125.2399987666667
1121820,1178,144660,30-34,F,28,11471,1,1.570000052,0,0,0.00871763577717723,1.570000052,0.1368668862348531,0.0,
1121824,1178,144661,Unknown,F,29,1705246,295,429.4799981,23,10,0.01729955677949106,1.455864400338983,0.2518580885690393,7.796610169491526,42.94799981
1121826,1178,144661,30-34,F,29,418016,63,95.8500005,3,1,0.01507119344714078,1.521428579365079,0.2292974443561969,4.761904761904762,95.8500005
1121827,1178,144661,30-34,F,29,30155,3,3.819999933,1,0,0.00994859890565412,1.273333311,0.1266788238434754,33.33333333333333,
1121828,1178,144661,30-34,F,29,990404,153,226.5399992,12,6,0.01544824132374263,1.480653589542484,0.2287349396811806,7.84313725490196,37.75666653333334
1121829,1178,144662,30-34,F,30,187468,34,50.72000062,2,1,0.01813642861715066,1.491764724117647,0.2705528443254315,5.88235294117647,50.72000062
1121832,1178,144662,30-34,F,30,208301,33,54.57000089,1,0,0.01584245874959794,1.653636390606061,0.2619766630501054,3.03030303030303,
1121833,1178,144662,30-34,F,30,101856,16,25.22000039,4,1,0.01570845114671693,1.576250024375,0.2476044650290606,25.0,25.22000039
1121835,1178,144663,30-34,F,31,48935,7,9.970000267,1,1,0.01430468989475835,1.424285752428571,0.2037396601001328,14.28571428571428,9.970000267
1121839,1178,144663,30-34,F,31,13911,1,1.730000019,1,1,0.007188555819135935,1.730000019,0.1243620170368773,100.0,1.730000019
1121843,1178,144664,30-34,F,32,177452,24,48.890000105,2,0,0.013524784166986,2.037083337708333,0.2755111247266867,8.333333333333332,
1121844,1178,144664,30-34,F,32,149808,20,33.03999937,1,1,0.0133504218733312,1.6519999685,0.2205489651420485,5.0,33.03999937
1121845,1178,144664,30-34,F,32,390339,60,105.0199997,9,6,0.01537125421748788,1.750333328333333,0.2690481855515334,15.0,17.50333328333333
1121846,1178,144664,30-34,F,32,8350,0,0.0,1,0,0.0,,0.0,,
1121854,1178,144666,30-34,F,63,8587,0,0.0,1,0,0.0,,0.0,,
1121855,1178,144666,30-34,F,63,24893,2,3.75,1,0,0.008034387177118065,1.875,0.1506447595709637,50.0,
1121856,1178,144666,30-34,F,63,1296189,212,343.2599944,14,4,0.01635563949393182,1.619150916981132,0.2648224868441253,6.60377358490566,85.8149986
1121859,1178,144667,30-34,Unknown,64,238036,38,61.02999771,6,3,0.01596397183619284,1.60605257131579,0.2563897801593036,15.78947368421053,20.34333257
1121860,1178,144667,30-34,F,64,254344,35,56.16999996,2,1,0.01376089076211745,1.604857141714286,0.2208426381593432,5.714285714285714,56.16999996
1121862,1178,144667,30-34,F,64,411571,60,48.890000105,6,1,0.01457828661397426,0.8148333350833333,0.1187887390146536,10.0,48.890000105
1121863,1178,144667,30-34,F,64,94136,11,16.17999971,1,0,0.01168522138183054,1.470909064545455,0.1718789805175491,9.090909090909092,
1121867,1178,144668,30-34,F,65,82640,16,23.97000039,1,1,0.01936108422071636,1.498125024375,0.2900532477008712,6.25,23.97000039
1121869,1178,144668,30-34,Unknown,65,17870,2,2.620000005,1,1,0.01119194180190263,1.3100000025,0.146614437884723,50.0,2.620000005
1121871,1178,144669,30-34,F,2,19178,2,2.779999971,1,1,0.01042861612264053,1.3899999855,0.144957762592554,50.0,2.779999971
1121873,1178,144669,Unknown,F,2,5264,0,48.890000105,1,0,0.0,,9.287614001709725,,
1121874,1178,144669,Unknown,F,2,145548,28,42.37000036,2,1,0.01923763981641795,1.513214298571429,0.2911067164097068,7.142857142857142,42.37000036
1121876,1178,144669,30-34,F,2,82455,15,22.04999971,1,0,0.01819174094960888,1.469999980666667,0.2674185884421806,6.666666666666667,
1121877,1178,144670,30-34,F,7,44189,7,10.31999981,2,0,0.01584104641426599,1.474285687142857,0.2335422799791803,28.57142857142857,
1121878,1178,144670,30-34,F,7,45199,7,9.809999943,1,0,0.01548706829797119,1.401428563285714,0.217040198743335,14.28571428571428,
1121881,1178,144670,30-34,F,7,221843,43,48.890000105,5,0,0.01938307722127811,1.136976746627907,0.2203810807868628,11.62790697674419,
1121888,1178,144671,Unknown,F,66,41672,6,10.54999995,2,1,0.01439815703589941,1.758333325,0.2531675933480514,33.33333333333333,10.54999995
1121889,1178,144672,35-39,F,10,127546,25,38.94000041,2,0,0.0196007714863657,1.5576000164,0.3053016198861587,8.0,
1121894,1178,144672,35-39,F,10,561415,124,48.890000105,3,0,0.02208704790573818,0.3942741943951613,0.08708353019602255,2.419354838709677,
1121895,1178,144673,35-39,F,15,132803,25,37.32000124,2,1,0.01882487594406753,1.4928000496,0.2810177574301786,8.0,37.32000124
1121897,1178,144673,35-39,F,15,24664,2,48.890000105,1,1,0.00810898475510866,24.4450000525,1.982241327643529,50.0,48.890000105
1121901,1178,144674,35-39,F,16,1020561,172,263.8100007,7,3,0.01685347568641169,1.533779073837209,0.2584950832924245,4.069767441860465,87.93666689999999
1121902,1178,144674,35-39,Unknown,16,682143,114,177.1099993,6,2,0.01671203838491343,1.553596485087719,0.2596376409345255,5.263157894736842,88.55499965
1121903,1178,144674,35-39,F,16,1247717,222,343.4199994,11,4,0.01779249621508724,1.546936934234234,0.2752386954734127,4.954954954954955,85.85499985
1121904,1178,144674,35-39,F,16,146406,23,33.22999942,1,1,0.01570973867191235,1.444782583478261,0.2269715682417387,4.347826086956522,33.22999942
1121905,1178,144674,35-39,F,16,905699,161,234.6599982,4,1,0.01777632524712957,1.457515516770186,0.2590926987884496,2.484472049689441,234.6599982
1121906,1178,144674,35-39,F,16,1184580,194,297.8299981,14,3,0.01637711256310253,1.535206175773196,0.251422443482078,7.216494845360824,99.27666603333334
1121907,1178,144675,35-39,F,18,98057,20,31.00999963,1,1,0.02039630011115983,1.5504999815,0.3162446294502178,5.0,31.00999963
1121917,1178,144676,35-39,F,19,238735,56,84.65999889,4,1,0.02345697111860431,1.511785694464286,0.3546191337256791,7.142857142857142,84.65999889
1121918,1178,144676,35-39,Unknown,19,320657,77,115.8800026,2,0,0.02401319790305529,1.504935098701299,0.3613830435636833,2.597402597402597,
1121925,1178,144678,35-39,F,21,244074,57,84.51000023,4,2,0.02335357309668379,1.482631582982456,0.3462474504863279,7.017543859649122,42.255000115
1121928,1178,144678,35-39,Unknown,21,39146,8,13.05999959,1,0,0.02043631533234558,1.63249994875,0.3336228373269299,12.5,
1121931,1178,144679,35-39,F,22,78468,15,23.64999962,1,0,0.0191160727940052,1.576666641333333,0.3013967428760768,6.666666666666667,
1121933,1178,144679,35-39,Unknown,22,325653,63,89.35000026,2,0,0.01934574531786902,1.418253972380952,0.2743718014573795,3.174603174603174,
1121935,1178,144679,35-39,F,22,66277,12,17.30000019,1,0,0.01810582856797984,1.4416666825,0.2610256980551322,8.333333333333332,
1121936,1178,144679,35-39,F,22,93002,16,23.33999968,1,0,0.01720393109825595,1.45874998,0.2509623414550224,6.25,
1121944,1178,144681,35-39,F,24,109723,27,40.9600004,1,0,0.02460742050436098,1.517037051851852,0.3733036865561459,3.703703703703703,
1121948,1178,144681,35-39,F,24,118941,35,50.11000001,4,1,0.02942635424285991,1.431714286,0.4213013175439924,11.42857142857143,50.11000001
1121949,1178,144682,35-39,F,25,221576,47,66.79000068,6,1,0.02121168357583854,1.421063844255319,0.3014315660540853,12.76595744680851,66.79000068
1121953,1178,144682,35-39,F,25,8341,1,1.639999986,1,0,0.01198897014746433,1.639999986,0.1966191087399592,100.0,
1121954,1178,144682,35-39,F,25,120335,26,36.2299993,2,0,0.02160634894253542,1.393461511538462,0.3010761565629285,7.692307692307693,
1121955,1178,144683,35-39,F,26,182098,40,62.86999989,1,1,0.02196619402739184,1.57174999725,0.345253654021461,2.5,62.86999989
1121956,1178,144683,35-39,F,26,227473,52,71.58000052,1,1,0.02285985589498534,1.376538471538461,0.3146747109327261,1.923076923076923,71.58000052
1121962,1178,144684,35-39,F,27,1050947,230,350.5099957,6,1,0.02188502369767457,1.523956503043478,0.333518241833318,2.608695652173913,350.5099957
1121963,1178,144684,35-39,F,27,720859,162,213.6899986,13,5,0.0224731882379217,1.319074065432099,0.296437997722162,8.024691358024691,42.73799972
1121971,1178,144685,Unknown,F,28,41111,8,10.96000016,1,0,0.01945951205273528,1.37000002,0.2665953190143757,12.5,
1121973,1178,144686,35-39,F,29,148616,25,37.39999962,6,4,0.01682187651396889,1.4959999848,0.2516552700920493,24.0,9.349999905
1121976,1178,144686,35-39,F,29,707260,135,210.8200028,13,6,0.01908774708028165,1.56162965037037,0.2980799179933829,9.62962962962963,35.13666713333333
1121977,1178,144686,35-39,F,29,139596,26,42.41000032,1,1,0.01862517550646151,1.631153858461539,0.3038052689188802,3.846153846153846,42.41000032
1121983,1178,144687,35-39,F,30,105399,22,33.19999933,2,0,0.02087306331179612,1.509090878636363,0.3149934945303086,9.090909090909092,
1122005,1178,144691,35-39,F,63,449588,81,123.800001,5,2,0.01801649510218244,1.528395074074074,0.2753632236625533,6.172839506172839,61.9000005
1122006,1178,144691,35-39,F,63,318157,56,85.70000196,3,0,0.01760137290708675,1.530357177857143,0.2693638736850045,5.357142857142857,
1122007,1178,144691,35-39,F,63,196967,43,65.17999971,2,1,0.02183106814847157,1.515813946744186,0.3309183757177598,4.651162790697675,65.17999971
1122012,1178,144692,35-39,F,64,222739,55,68.55999959,5,2,0.02469257741123018,1.246545447090909,0.3078041994890881,9.090909090909092,34.279999795
1122022,1178,144694,35-39,F,2,20780,5,8.189999938,1,0,0.02406159769008662,1.6379999876,0.3941289671799807,20.0,
1122039,1178,144697,40-44,F,10,258954,61,82.27999902,1,0,0.02355630729782123,1.34885244295082,0.317739826455664,1.639344262295082,
1122040,1178,144697,40-44,Unknown,10,205289,48,71.53000104,3,0,0.02338167169210235,1.490208355,0.3484356250943791,6.25,
1122041,1178,144697,40-44,F,10,611601,138,191.419996,8,3,0.02256373027513035,1.387101420289855,0.3129818231167051,5.797101449275362,63.80666533333333
1122043,1178,144697,40-44,F,10,947657,233,321.8700004,8,4,0.0245869549847677,1.381416310729614,0.3396482064713288,3.433476394849786,80.4675001
1122044,1178,144697,40-44,F,10,233043,49,65.03000033,2,0,0.02102616255369181,1.327142863877551,0.2790472158786146,4.081632653061225,
1122047,1178,144698,40-44,F,15,582725,142,48.890000105,9,2,0.02436826976704277,0.3442957753873239,0.08389892334291475,6.338028169014084,24.4450000525
1122052,1178,144699,40-44,F,16,265038,51,78.45999932,2,1,0.0192425237135807,1.538431359215686,0.2960330191142402,3.92156862745098,78.45999932
1122054,1178,144699,40-44,F,16,222273,39,53.62999868,6,1,0.01754599074111565,1.375128171282051,0.2412798616116217,15.38461538461539,53.62999868
1122055,1178,144699,40-44,F,16,797234,170,48.890000105,4,1,0.02132372678536039,0.2875882359117647,0.06132452969266238,2.352941176470588,48.890000105
1122056,1178,144699,40-44,F,16,925555,182,262.8899981,4,2,0.01966387734926612,1.444450539010989,0.2840349823619342,2.197802197802198,131.44499905
1122058,1178,144700,40-44,F,18,22210,3,4.050000191,1,1,0.0135074290859973,1.350000063666666,0.1823503012606933,33.33333333333333,4.050000191
1122075,1178,144703,40-44,F,21,46391,11,16.40999985,3,1,0.02371149576426462,1.491818168181818,0.3537324017589618,27.27272727272727,16.40999985
1122078,1178,144703,40-44,Unknown,21,190477,42,66.38999987,1,0,0.02204990628789828,1.580714282619047,0.3485460179969235,2.380952380952381,
1122079,1178,144703,40-44,Unknown,21,25382,7,9.609999895,1,0,0.02757859900717044,1.372857127857143,0.3786147622330786,14.28571428571428,
1122085,1178,144704,40-44,F,22,65726,17,48.890000105,2,0,0.02586495450810943,2.875882359117647,0.7438456638925235,11.76470588235294,
1122089,1178,144705,40-44,F,23,195220,51,48.890000105,1,0,0.02612437250281733,0.9586274530392157,0.250435406746235,1.96078431372549,
1122101,1178,144707,Unknown,F,25,197772,63,88.21000016,7,2,0.03185486317577817,1.400158732698413,0.446018648544789,11.11111111111111,44.10500008
1122102,1178,144707,40-44,F,25,138154,35,48.890000105,1,0,0.02533404751219653,1.396857145857143,0.353880453008961,2.857142857142857,
1122103,1178,144707,40-44,F,25,270124,69,95.84999895,2,0,0.02554382431772075,1.389130419565217,0.3548370339177563,2.898550724637681,
1122105,1178,144708,40-44,F,26,303971,77,106.9299998,11,6,0.02533136384720911,1.388701296103896,0.3517769780669867,14.28571428571428,17.82166663333333
1122107,1178,144708,40-44,Unknown,26,682046,183,254.419997,4,2,0.02683103485688649,1.390273207650273,0.3730246889505986,2.185792349726776,127.2099985
1122109,1178,144708,40-44,F,26,328365,83,117.3400005,2,1,0.02527674995812587,1.413734945783133,0.3573462473162487,2.409638554216868,117.3400005
1122112,1178,144709,40-44,F,27,1083259,276,390.2599992,11,0,0.02547867130575421,1.413985504347826,0.3602647189637935,3.985507246376811,
1122113,1178,144709,40-44,F,27,913929,245,340.4099993,7,2,0.02680733404892503,1.389428568571428,0.3724687577481401,2.857142857142857,170.20499965
1122118,1178,144710,40-44,F,28,101586,24,33.47000039,2,1,0.02362530269919083,1.394583349583334,0.3294745377315772,8.333333333333332,33.47000039
1122120,1178,144710,40-44,F,28,181053,46,66.27999985,3,1,0.02540692504404787,1.440869561956522,0.3660806495887944,6.521739130434782,66.27999985
1122127,1178,144711,40-44,F,29,822023,194,48.890000105,6,0,0.02360031288662239,0.2520103098195876,0.05947522162396916,3.092783505154639,
1122131,1178,144712,40-44,F,30,93176,29,40.37000024,1,1,0.03112389456512407,1.392068973793104,0.4332660796771701,3.448275862068965,40.37000024
1122138,1178,144713,Unknown,F,31,47229,13,19.27999985,1,0,0.02752546105147261,1.483076911538461,0.4082237576489022,7.692307692307693,
1122139,1178,144713,40-44,F,31,92263,24,34.03000015,1,0,0.02601259443113707,1.417916672916667,0.3688369134972849,4.166666666666666,
1122140,1178,144713,40-44,F,31,81551,21,29.67000008,1,0,0.02575075719488418,1.412857146666667,0.363821413348702,4.761904761904762,
1122149,1178,144715,40-44,F,36,72741,19,24.33000016,2,0,0.0261200698368183,1.280526324210526,0.3344743701626318,10.52631578947368,
1122154,1178,144716,40-44,F,63,597419,135,188.5100002,2,1,0.02259720564628845,1.396370371851852,0.3155406845112057,1.481481481481482,188.5100002
1122157,1178,144716,40-44,F,63,98768,21,33.14000034,1,1,0.02126194718937308,1.578095254285714,0.3355337795642313,4.761904761904762,33.14000034
1122160,1178,144717,Unknown,F,64,173165,41,59.85000026,1,0,0.02367684000808478,1.459756103902439,0.3456241172292323,2.439024390243902,
1122165,1178,144718,40-44,F,65,55823,13,21.10999966,1,1,0.02328789208749082,1.623846127692308,0.378159533883883,7.692307692307693,21.10999966
1122166,1178,144718,40-44,F,65,118451,28,38.35000062,4,1,0.02363846653890638,1.369642879285714,0.3237625737224675,14.28571428571428,38.35000062
1122176,1178,144719,40-44,F,2,74424,22,30.84000027,1,1,0.02956035687412662,1.401818194090909,0.4143824608997098,4.545454545454546,30.84000027
1122177,1178,144720,40-44,F,7,47929,12,48.890000105,1,1,0.02503703394604519,4.074166675416667,1.020050493542532,8.333333333333332,48.890000105
1122182,1178,144720,40-44,F,7,40801,12,15.91999972,0,0,0.02941104384696453,1.326666643333333,0.3901865081738193,0.0,
1122183,1178,144721,40-44,F,66,66017,17,24.22000015,1,0,0.02575094293893997,1.424705891176471,0.3668752010845692,5.88235294117647,
1122192,1178,144722,45-49,F,10,548250,137,48.890000105,5,1,0.02498860009119927,0.3568613146350365,0.08917464679434564,3.64963503649635,48.890000105
1122193,1178,144722,45-49,F,10,1358324,346,465.0799981,8,2,0.02547256766426861,1.344161844219653,0.3423925352861321,2.312138728323699,232.53999905
1122197,1178,144723,Unknown,F,15,662249,163,234.9399992,2,0,0.02461309869852578,1.441349688343558,0.3547608213828937,1.226993865030675,
1122201,1178,144724,45-49,F,16,320757,68,48.890000105,2,0,0.02119984910695636,0.7189705897794118,0.1524206801566295,2.941176470588235,
1122203,1178,144724,45-49,F,16,699314,164,226.0300014,3,0,0.02345155395144384,1.378231715853659,0.323216754419331,1.829268292682927,
1122204,1178,144724,45-49,F,16,850337,198,287.690003,3,1,0.0232848858746591,1.452979813131313,0.3383246912694614,1.515151515151515,287.690003
1122205,1178,144724,45-49,F,16,1015460,247,315.9000051,9,2,0.02432395170661572,1.278947389068826,0.3110905452701239,3.643724696356275,157.95000255
1122209,1178,144725,45-49,F,18,890295,227,332.9899989,1,0,0.02549716666947473,1.466916294713656,0.374022092564824,0.4405286343612335,
1122210,1178,144725,45-49,F,18,791817,194,282.490001,4,2,0.02450061062088841,1.456134025773196,0.3567617277729577,2.061855670103093,141.2450005
1122211,1178,144725,45-49,F,18,317601,76,115.6600008,1,0,0.02392939568830073,1.521842115789474,0.3641676216384709,1.31578947368421,
1122212,1178,144725,Unknown,F,18,685211,164,247.3200026,4,3,0.02393423339672013,1.508048796341463,0.3609399186527946,2.439024390243902,82.44000086666667
1122213,1178,144726,45-49,F,19,32781,7,11.20000017,2,2,0.02135383301302584,1.600000024285714,0.3416613333943442,28.57142857142857,5.600000085
1122216,1178,144726,45-49,F,19,76785,19,25.45999998,3,0,0.0247444162271277,1.339999998947368,0.3315751771830435,15.78947368421053,
1122217,1178,144726,45-49,F,19,719083,206,299.5299983,12,5,0.02864759700896837,1.454029117961165,0.4165444021065718,5.825242718446602,59.90599966
1122223,1178,144727,45-49,F,20,368480,107,48.890000105,5,4,0.02903821102909249,0.4569158888317757,0.1326802000244247,4.672897196261682,12.22250002625
1122225,1178,144728,45-49,F,21,40998,10,13.35000038,1,0,0.02439143372847456,1.335000038,0.3256256495438802,10.0,
1122227,1178,144728,45-49,F,21,183293,53,73.74999964,2,1,0.0289154523085988,1.391509427169811,0.4023612447829432,3.773584905660377,73.74999964
1122232,1178,144729,45-49,F,22,221561,55,76.75999916,1,0,0.02482386340556325,1.395636348363636,0.34645086075618,1.818181818181818,
1122240,1178,144730,45-49,F,23,284488,90,125.2700011,1,1,0.03163578077106943,1.391888901111111,0.4403349213323585,1.111111111111111,125.2700011
1122249,1178,144732,45-49,F,25,300637,84,116.9899981,2,0,0.02794067263843107,1.392738072619047,0.3891403855812824,2.380952380952381,
1122253,1178,144732,45-49,F,25,449921,129,175.9700005,5,1,0.02867170014291398,1.364108531007752,0.3911131076344514,3.875968992248062,175.9700005
1122257,1178,144733,45-49,F,26,669671,186,259.1799988,4,1,0.02777483271636371,1.393440853763441,0.387025866134266,2.150537634408602,259.1799988
1122258,1178,144733,45-49,F,26,108655,28,46.92000186,1,0,0.02576963784455387,1.675714352142857,0.4318255198564263,3.571428571428571,
1122260,1178,144733,45-49,F,26,536248,146,187.7399978,3,0,0.02722620876907699,1.285890395890411,0.3500992037266339,2.054794520547945,
1122262,1178,144734,45-49,F,27,1055017,265,380.6599952,16,2,0.02511807866603098,1.436452812075472,0.3608093473375311,6.037735849056604,190.3299976
1122265,1178,144734,45-49,F,27,1428421,367,541.7000023,10,0,0.02569270544188303,1.476021804632153,0.3792299345221052,2.724795640326975,
1122267,1178,144735,45-49,F,28,288517,78,102.3900002,3,0,0.02703480210871457,1.31269231025641,0.354883768374134,3.846153846153846,
1122270,1178,144735,45-49,Unknown,28,73222,16,22.86000025,1,0,0.02185135614979105,1.428750015625,0.3122012544044139,6.25,
1122271,1178,144735,45-49,F,28,348542,96,134.889999,2,0,0.0275433089842831,1.40510415625,0.3870121793069415,2.083333333333333,
1122273,1178,144736,45-49,F,29,1097966,266,369.069997,16,8,0.02422661539610516,1.387481191729323,0.3361397320135596,6.015037593984962,46.133749625
1122277,1178,144736,Unknown,Unknown,29,854940,227,297.9100007,8,3,0.02655157087047044,1.312378857709251,0.3484572024937422,3.524229074889868,99.30333356666667
1122279,1178,144737,45-49,F,30,113567,34,50.29000044,3,0,0.02993827432264655,1.47911766,0.4428223026055104,8.823529411764707,
1122282,1178,144737,Unknown,F,30,22859,6,9.419999838,1,0,0.02624786736077693,1.569999973,0.4120915104772737,16.66666666666666,
1122288,1178,144738,Unknown,F,31,51754,13,20.51999998,1,0,0.0251188313946748,1.578461536923077,0.3964910920895003,7.692307692307693,
1122310,1178,144742,45-49,F,64,536457,136,193.6599991,2,1,0.02535151932028103,1.423970581617647,0.360998177113916,1.470588235294118,193.6599991
1122311,1178,144742,Unknown,F,64,179894,43,48.890000105,2,0,0.02390296507943567,1.136976746627907,0.2717711547077724,4.651162790697675,
1122312,1178,144742,45-49,F,64,479882,131,178.6700007,6,0,0.02729837751780646,1.363893135114504,0.3723206969630034,4.580152671755725,
1122316,1178,144743,45-49,F,65,346688,88,48.890000105,2,0,0.02538305335056304,0.5555681830113636,0.1410201682925281,2.272727272727273,
1314296,1178,179863,30-34,M,100,33445,2,3.199999928,1,0,0.005979967110180894,1.599999964,0.09567947161010613,50.0,
1314297,1178,179864,30-34,M,101,72228,5,7.529999852,4,4,0.006922523121227224,1.5059999704,0.1042531961566152,80.0,1.882499963
1314299,1178,179866,30-34,M,103,189761,18,27.32999969,4,1,0.009485616117115741,1.518333316111111,0.1440232697445734,22.22222222222222,27.32999969
1314301,1178,179868,Unknown,M,105,312524,37,53.78999972,2,0,0.0118390907578298,1.453783776216216,0.1721147806888431,5.405405405405405,
1314303,1178,179870,30-34,M,107,496760,42,48.890000105,10,3,0.008454787019888879,1.164047621547619,0.09841774721193332,23.80952380952381,16.29666670166667
1314306,1178,179873,30-34,M,110,310988,34,46.66999936,11,3,0.01093289773238839,1.37264704,0.1500700971098563,32.35294117647059,15.55666645333333
1314308,1178,179875,30-34,M,112,51104,2,3.199999928,3,1,0.003913587977457733,1.599999964,0.06261740623043206,150.0,3.199999928
1314309,1178,179876,Unknown,Unknown,113,276762,22,32.09000015,5,1,0.007949068152419768,1.458636370454546,0.1159479991834139,22.72727272727273,32.09000015
1314313,1178,179880,35-39,M,102,128859,16,23.69999957,1,0,0.01241667248698189,1.481249973125,0.1839219578764386,6.25,
1314314,1178,179881,35-39,M,103,92080,12,16.94000018,3,2,0.01303214596003475,1.411666681666667,0.1839704624239791,25.0,8.47000009
1314316,1178,179883,35-39,M,105,211882,33,46.64999926,3,1,0.0155747066763576,1.413636341212121,0.2201697136141815,9.090909090909092,46.64999926
1314318,1178,179885,35-39,M,107,112776,9,12.67999995,1,0,0.007980421366248137,1.408888883333333,0.1124352694722281,11.11111111111111,
1314319,1178,179886,35-39,M,108,145324,14,19.82000005,2,1,0.009633646197462223,1.415714289285714,0.1363849057967025,14.28571428571428,19.82000005
1314321,1178,179888,35-39,M,110,233845,30,40.73000062,3,0,0.01282901066946054,1.357666687333333,0.1741752041737048,10.0,
1314323,1178,179890,35-39,M,112,155426,17,25.01000023,3,0,0.01093768095428049,1.471176484117647,0.1609125901071893,17.64705882352941,
1314326,1178,179893,40-44,M,100,76703,9,12.14999962,3,1,0.01173356974303482,1.349999957777778,0.1584031865767962,33.33333333333333,12.14999962
1314327,1178,179894,40-44,M,101,68619,10,14.96000034,1,0,0.01457322315976625,1.496000034,0.2180154234249989,10.0,
1314330,1178,179897,40-44,M,104,17559,1,1.49000001,1,1,0.005695085141522866,1.49000001,0.0848567691781992,100.0,1.49000001
1314331,1178,179898,40-44,M,105,137879,19,28.47000003,2,0,0.01378019857991427,1.498421054210526,0.2064853968334554,10.52631578947368,
1314332,1178,179899,40-44,M,106,67710,10,15.14999998,1,0,0.01476886722788362,1.514999998,0.2237483382070595,10.0,
1314333,1178,179900,40-44,M,107,348180,41,60.22999907,3,1,0.01177551841001781,1.469024367560976,0.1729852348497903,7.317073170731707,60.22999907
1314334,1178,179901,40-44,M,108,146246,18,28.71999955,3,1,0.01230802893754359,1.595555530555556,0.1963814364153549,16.66666666666666,28.71999955
1314337,1178,179904,40-44,M,111,72157,9,13.50000036,1,1,0.01247280236151725,1.50000004,0.1870920404118797,11.11111111111111,13.50000036
1314338,1178,179905,40-44,M,112,91180,10,13.55999994,1,0,0.01096731739416539,1.355999994,0.1487168232068436,10.0,
1314339,1178,179906,40-44,M,113,86293,6,9.259999871,1,1,0.006953055288377969,1.543333311833333,0.1073088184557264,16.66666666666666,9.259999871
1314341,1178,179908,45-49,Unknown,100,101410,12,17.94000006,4,0,0.01183315254905828,1.495000005,0.1769056312000789,33.33333333333333,
1314343,1178,179910,45-49,M,102,134245,18,25.75000024,2,1,0.01340832060784387,1.430555568888889,0.1918134771499869,11.11111111111111,25.75000024
1314345,1178,179912,45-49,M,104,125650,20,30.08000076,4,0,0.01591723040191007,1.504000038,0.239395151293275,20.0,
1314346,1178,179913,45-49,Unknown,105,50406,5,7.26000011,1,1,0.00991945403325001,1.452000022,0.1440304747450701,20.0,7.26000011
1314349,1178,179916,45-49,Unknown,108,267106,34,50.5,4,1,0.01272902892484632,1.485294117647059,0.189063517854335,11.76470588235294,50.5
1314351,1178,179918,45-49,M,110,188758,25,36.60000038,2,1,0.01324447175748842,1.4640000152,0.1938990685427902,8.0,36.60000038
1314353,1178,179920,45-49,M,112,108426,13,19.58000016,1,0,0.01198974415730544,1.506153858461539,0.1805839942449228,7.692307692307693,
1314354,1178,179921,45-49,M,113,138525,9,13.65000045,3,0,0.006497022198159176,1.516666716666667,0.09853817325392528,33.33333333333333,
1314355,1178,179922,45-49,M,114,150858,21,30.26000011,1,0,0.0139203754524122,1.440952386190476,0.2005859822482069,4.761904761904762,
1314358,1178,179925,30-34,F,102,104496,9,11.42999983,3,2,0.008612769866789159,1.269999981111111,0.1093821756813658,33.33333333333333,5.714999915
1314359,1178,179926,30-34,F,103,452519,68,99.52000237,7,2,0.01502699334171604,1.463529446617647,0.2199244724972874,10.29411764705882,49.760001185
1314360,1178,179927,30-34,F,104,442919,76,110.7800021,21,2,0.01715889361260185,1.457631606578947,0.2501134566365408,27.63157894736842,55.39000105
1314361,1178,179928,Unknown,F,105,596831,86,120.8799992,11,0,0.01440943918797783,1.405581386046512,0.2025363950599081,12.79069767441861,
1314362,1178,179929,30-34,F,106,173912,26,35.54000032,2,1,0.0149500897005382,1.366923089230769,0.2043562279773679,7.692307692307693,35.54000032
1314363,1178,179930,30-34,F,107,780967,86,119.6400018,20,4,0.01101198898288916,1.391162811627907,0.1531946955505162,23.25581395348837,29.91000045
1314364,1178,179931,30-34,Unknown,108,132124,8,48.890000105,4,0,0.0060549181072326,6.111250013125,0.3700311836229603,50.0,
1314365,1178,179932,30-34,F,109,623137,100,138.9200006,12,1,0.01604783538772373,1.389200006,0.2229365301691281,12.0,138.9200006
1314366,1178,179933,30-34,F,110,99020,10,14.48000044,4,1,0.01009896990506968,1.448000044,0.1462330886689558,40.0,14.48000044
1314367,1178,179934,Unknown,F,111,665817,117,163.8000002,23,9,0.01757239601872587,1.400000001709402,0.246013544562545,19.65811965811966,18.20000002222222
1314368,1178,179935,30-34,F,112,699232,80,111.9899995,12,3,0.0114411239760194,1.39987499375,0.1601614335442314,15.0,37.32999983333333
1314371,1178,179938,35-39,F,100,72982,11,15.04999995,1,0,0.0150722095859253,1.368181813636364,0.2062152304677866,9.090909090909092,
1314372,1178,179939,35-39,F,101,975884,167,237.3199975,14,3,0.01711268962294699,1.421077829341317,0.2431846382356919,8.383233532934131,79.10666583333334
1314373,1178,179940,35-39,F,102,245607,33,47.87999952,3,1,0.01343609913398234,1.450909076363636,0.1949455818441657,9.090909090909092,47.87999952
1314378,1178,179945,35-39,Unknown,107,866355,139,200.8299961,11,5,0.01604423129086806,1.444820115827338,0.231810281120326,7.913669064748201,40.16599922
1314380,1178,179947,35-39,F,109,475184,88,127.3200028,4,1,0.01851914205865517,1.446818213636364,0.2679383203138153,4.545454545454546,127.3200028
1314381,1178,179948,35-39,F,110,357401,47,68.67000008,8,1,0.01315049482234241,1.461063831489362,0.1921371235111262,17.02127659574468,68.67000008
1314382,1178,179949,35-39,F,111,99810,14,48.890000105,2,0,0.0140266506362088,3.492142864642857,0.4898306793407474,14.28571428571428,
1314383,1178,179950,35-39,F,112,81569,6,9.409999967,3,1,0.007355735634861284,1.568333327833333,0.1153624534688423,50.0,9.409999967
1314384,1178,179951,35-39,F,113,441192,53,77.59999979,6,2,0.01201291047888448,1.464150939433962,0.175887141629948,11.32075471698113,38.799999895
1314385,1178,179952,35-39,F,114,90470,11,16.73000002,1,1,0.01215872664971814,1.520909092727273,0.1849231791754172,9.090909090909092,16.73000002
1314386,1178,179953,40-44,F,100,834243,166,246.7499975,18,7,0.01989827903860146,1.486445768072289,0.2957771266885069,10.8433734939759,35.24999964285714
1314387,1178,179954,40-44,F,101,696612,152,223.1899948,31,9,0.02181989400125177,1.468355228947368,0.3203935545181535,20.39473684210526,24.79888831111111
1314388,1178,179955,40-44,Unknown,102,329333,48,48.890000105,1,0,0.01457491353736188,1.018541668854167,0.1484515675774976,2.083333333333333,
1314389,1178,179956,40-44,F,103,1114711,224,319.0000019,6,0,0.02009489455114375,1.424107151339286,0.2861728303569266,2.678571428571428,
1314391,1178,179958,40-44,F,105,228629,38,57.0,2,0,0.0166208136325663,1.5,0.2493122044884944,5.263157894736842,
1314392,1178,179959,40-44,F,106,758340,159,233.110002,13,4,0.02096684864308885,1.466100641509434,0.3073951024606377,8.176100628930817,58.2775005
1314393,1178,179960,40-44,F,107,877535,149,217.7799966,5,2,0.01697937973983944,1.461610715436242,0.2481724336921035,3.355704697986577,108.8899983
1314394,1178,179961,40-44,Unknown,108,1357386,223,323.0600071,10,1,0.01642863562759598,1.448699583408072,0.2380015758966131,4.484304932735426,323.0600071
1314396,1178,179963,40-44,F,110,419922,75,105.4500008,3,1,0.01786045979967708,1.406000010666667,0.2511180666885755,4.0,105.4500008
1314397,1178,179964,40-44,F,111,402975,83,120.8999977,1,0,0.02059681121657671,1.456626478313253,0.3000186058688504,1.204819277108434,
1314398,1178,179965,40-44,F,112,1137635,211,301.0499992,30,10,0.01854724933744127,1.426777247393365,0.2646279335639287,14.21800947867299,30.10499992
1314400,1178,179967,40-44,F,114,250234,40,62.31999922,4,1,0.01598503800442785,1.5579999805,0.2490468889919036,10.0,62.31999922
1314401,1178,179968,45-49,Unknown,100,904907,195,48.890000105,11,1,0.02154917577165388,0.2507179492564102,0.05402765157634983,5.641025641025641,48.890000105
1314402,1178,179969,45-49,F,101,589270,107,158.0500023,10,4,0.01815805997250836,1.477102825233645,0.2682132168615405,9.345794392523365,39.512500575
1314403,1178,179970,45-49,F,102,168714,24,36.01000071,2,2,0.01422525694370355,1.50041669625,0.2134381302677905,8.333333333333332,18.005000355
1314404,1178,179971,45-49,Unknown,103,71982,11,16.34000051,1,0,0.01528159817732211,1.485454591818182,0.2270012018282348,9.090909090909092,
1314405,1178,179972,45-49,F,104,558666,110,162.6399975,14,5,0.01968976096630187,1.478545431818182,0.2911220613031757,12.72727272727273,32.5279995
1314406,1178,179973,Unknown,F,105,1118200,235,333.7499943,11,4,0.02101591844035056,1.420212741702128,0.2984707514755858,4.680851063829787,83.437498575
1314407,1178,179974,45-49,F,106,107100,23,33.71000051,1,0,0.02147525676937442,1.465652196086957,0.3147525724556489,4.347826086956522,
1314409,1178,179976,45-49,F,108,212508,33,47.69000006,4,1,0.0155288271500367,1.445151516969697,0.2244150811263576,12.12121212121212,47.69000006
1314412,1178,179979,Unknown,F,111,151531,28,40.28999949,2,0,0.01847806719417149,1.438928553214286,0.2658861849390554,7.142857142857142,
1314414,1178,179981,45-49,Unknown,113,790253,135,198.7100005,8,2,0.01708313666635875,1.47192592962963,0.2514511181862011,5.925925925925926,99.35500025
1314415,1178,179982,45-49,F,114,513161,114,165.6099987,5,2,0.02221525018463991,1.452719286842105,0.3227252240524904,4.385964912280701,82.80499935
